"nom","prenom","anciennete"
"Nom_479","Prenom_479",7
"Nom_25","Prenom_25",7
"Nom_134","Prenom_134",7
"Nom_1060","Prenom_1060",7
"Nom_927","Prenom_927",7
"Nom_1250","Prenom_1250",7
"Nom_1084","Prenom_1084",7
"Nom_114","Prenom_114",7
"Nom_1255","Prenom_1255",7
"Nom_603","Prenom_603",7
"Nom_494","Prenom_494",7
"Nom_1092","Prenom_1092",7
"Nom_57","Prenom_57",7
"Nom_1098","Prenom_1098",7
"Nom_958","Prenom_958",7
"Nom_1293","Prenom_1293",7
"Nom_1296","Prenom_1296",7
"Nom_1105","Prenom_1105",7
"Nom_1109","Prenom_1109",7
"Nom_776","Prenom_776",7
"Nom_1135","Prenom_1135",7
"Nom_344","Prenom_344",7
"Nom_390","Prenom_390",7
"Nom_1148","Prenom_1148",7
"Nom_1151","Prenom_1151",7
"Nom_519","Prenom_519",7
"Nom_802","Prenom_802",7
"Nom_646","Prenom_646",7
"Nom_652","Prenom_652",7
"Nom_1159","Prenom_1159",7
"Nom_1366","Prenom_1366",7
"Nom_1371","Prenom_1371",7
"Nom_253","Prenom_253",7
"Nom_995","Prenom_995",7
"Nom_326","Prenom_326",7
"Nom_1383","Prenom_1383",7
"Nom_1385","Prenom_1385",7
"Nom_1391","Prenom_1391",7
"Nom_397","Prenom_397",7
"Nom_831","Prenom_831",7
"Nom_1204","Prenom_1204",7
"Nom_1208","Prenom_1208",7
"Nom_1209","Prenom_1209",7
"Nom_444","Prenom_444",7
"Nom_71","Prenom_71",7
"Nom_1422","Prenom_1422",7
"Nom_693","Prenom_693",7
"Nom_850","Prenom_850",7
"Nom_335","Prenom_335",7
"Nom_885","Prenom_885",7
"Nom_1035","Prenom_1035",7
"Nom_1459","Prenom_1459",7
"Nom_415","Prenom_415",7
"Nom_704","Prenom_704",7
"Nom_1040","Prenom_1040",7
"Nom_1474","Prenom_1474",7
"Nom_908","Prenom_908",7
"Nom_1481","Prenom_1481",7
"Nom_477","Prenom_477",7
"Nom_716","Prenom_716",7
"Nom_402","Prenom_402",6
"Nom_418","Prenom_418",6
"Nom_423","Prenom_423",6
"Nom_426","Prenom_426",6
"Nom_429","Prenom_429",6
"Nom_430","Prenom_430",6
"Nom_436","Prenom_436",6
"Nom_437","Prenom_437",6
"Nom_443","Prenom_443",6
"Nom_458","Prenom_458",6
"Nom_464","Prenom_464",6
"Nom_472","Prenom_472",6
"Nom_480","Prenom_480",6
"Nom_483","Prenom_483",6
"Nom_501","Prenom_501",6
"Nom_504","Prenom_504",6
"Nom_511","Prenom_511",6
"Nom_532","Prenom_532",6
"Nom_533","Prenom_533",6
"Nom_539","Prenom_539",6
"Nom_547","Prenom_547",6
"Nom_573","Prenom_573",6
"Nom_575","Prenom_575",6
"Nom_586","Prenom_586",6
"Nom_593","Prenom_593",6
"Nom_595","Prenom_595",6
"Nom_596","Prenom_596",6
"Nom_602","Prenom_602",6
"Nom_621","Prenom_621",6
"Nom_626","Prenom_626",6
"Nom_632","Prenom_632",6
"Nom_644","Prenom_644",6
"Nom_645","Prenom_645",6
"Nom_655","Prenom_655",6
"Nom_661","Prenom_661",6
"Nom_670","Prenom_670",6
"Nom_681","Prenom_681",6
"Nom_688","Prenom_688",6
"Nom_698","Prenom_698",6
"Nom_699","Prenom_699",6
"Nom_708","Prenom_708",6
"Nom_717","Prenom_717",6
"Nom_727","Prenom_727",6
"Nom_731","Prenom_731",6
"Nom_747","Prenom_747",6
"Nom_754","Prenom_754",6
"Nom_769","Prenom_769",6
"Nom_788","Prenom_788",6
"Nom_798","Prenom_798",6
"Nom_799","Prenom_799",6
"Nom_805","Prenom_805",6
"Nom_818","Prenom_818",6
"Nom_819","Prenom_819",6
"Nom_820","Prenom_820",6
"Nom_830","Prenom_830",6
"Nom_835","Prenom_835",6
"Nom_838","Prenom_838",6
"Nom_841","Prenom_841",6
"Nom_868","Prenom_868",6
"Nom_902","Prenom_902",6
"Nom_905","Prenom_905",6
"Nom_918","Prenom_918",6
"Nom_920","Prenom_920",6
"Nom_921","Prenom_921",6
"Nom_923","Prenom_923",6
"Nom_934","Prenom_934",6
"Nom_937","Prenom_937",6
"Nom_938","Prenom_938",6
"Nom_952","Prenom_952",6
"Nom_969","Prenom_969",6
"Nom_972","Prenom_972",6
"Nom_973","Prenom_973",6
"Nom_975","Prenom_975",6
"Nom_979","Prenom_979",6
"Nom_981","Prenom_981",6
"Nom_982","Prenom_982",6
"Nom_986","Prenom_986",6
"Nom_996","Prenom_996",6
"Nom_997","Prenom_997",6
"Nom_1004","Prenom_1004",6
"Nom_1008","Prenom_1008",6
"Nom_1011","Prenom_1011",6
"Nom_1012","Prenom_1012",6
"Nom_1021","Prenom_1021",6
"Nom_1025","Prenom_1025",6
"Nom_1026","Prenom_1026",6
"Nom_1037","Prenom_1037",6
"Nom_1038","Prenom_1038",6
"Nom_1042","Prenom_1042",6
"Nom_1047","Prenom_1047",6
"Nom_1051","Prenom_1051",6
"Nom_1054","Prenom_1054",6
"Nom_1058","Prenom_1058",6
"Nom_1074","Prenom_1074",6
"Nom_1086","Prenom_1086",6
"Nom_1089","Prenom_1089",6
"Nom_1090","Prenom_1090",6
"Nom_1094","Prenom_1094",6
"Nom_1103","Prenom_1103",6
"Nom_1113","Prenom_1113",6
"Nom_1140","Prenom_1140",6
"Nom_1145","Prenom_1145",6
"Nom_1152","Prenom_1152",6
"Nom_1155","Prenom_1155",6
"Nom_1156","Prenom_1156",6
"Nom_1157","Prenom_1157",6
"Nom_1166","Prenom_1166",6
"Nom_1174","Prenom_1174",6
"Nom_1190","Prenom_1190",6
"Nom_1197","Prenom_1197",6
"Nom_1200","Prenom_1200",6
"Nom_1211","Prenom_1211",6
"Nom_1218","Prenom_1218",6
"Nom_1224","Prenom_1224",6
"Nom_1227","Prenom_1227",6
"Nom_1233","Prenom_1233",6
"Nom_1236","Prenom_1236",6
"Nom_1239","Prenom_1239",6
"Nom_1241","Prenom_1241",6
"Nom_3","Prenom_3",6
"Nom_5","Prenom_5",6
"Nom_10","Prenom_10",6
"Nom_14","Prenom_14",6
"Nom_18","Prenom_18",6
"Nom_21","Prenom_21",6
"Nom_26","Prenom_26",6
"Nom_1243","Prenom_1243",6
"Nom_1246","Prenom_1246",6
"Nom_1251","Prenom_1251",6
"Nom_1253","Prenom_1253",6
"Nom_1259","Prenom_1259",6
"Nom_1262","Prenom_1262",6
"Nom_1271","Prenom_1271",6
"Nom_1272","Prenom_1272",6
"Nom_1273","Prenom_1273",6
"Nom_1288","Prenom_1288",6
"Nom_1299","Prenom_1299",6
"Nom_1303","Prenom_1303",6
"Nom_1305","Prenom_1305",6
"Nom_1312","Prenom_1312",6
"Nom_1315","Prenom_1315",6
"Nom_1318","Prenom_1318",6
"Nom_1329","Prenom_1329",6
"Nom_1341","Prenom_1341",6
"Nom_1342","Prenom_1342",6
"Nom_1350","Prenom_1350",6
"Nom_1352","Prenom_1352",6
"Nom_1362","Prenom_1362",6
"Nom_1363","Prenom_1363",6
"Nom_1372","Prenom_1372",6
"Nom_1375","Prenom_1375",6
"Nom_1377","Prenom_1377",6
"Nom_1393","Prenom_1393",6
"Nom_1394","Prenom_1394",6
"Nom_1395","Prenom_1395",6
"Nom_1397","Prenom_1397",6
"Nom_1398","Prenom_1398",6
"Nom_1410","Prenom_1410",6
"Nom_1415","Prenom_1415",6
"Nom_1436","Prenom_1436",6
"Nom_1442","Prenom_1442",6
"Nom_1451","Prenom_1451",6
"Nom_1452","Prenom_1452",6
"Nom_1456","Prenom_1456",6
"Nom_1460","Prenom_1460",6
"Nom_1463","Prenom_1463",6
"Nom_1464","Prenom_1464",6
"Nom_1479","Prenom_1479",6
"Nom_1485","Prenom_1485",6
"Nom_38","Prenom_38",6
"Nom_1493","Prenom_1493",6
"Nom_52","Prenom_52",6
"Nom_56","Prenom_56",6
"Nom_58","Prenom_58",6
"Nom_64","Prenom_64",6
"Nom_72","Prenom_72",6
"Nom_84","Prenom_84",6
"Nom_87","Prenom_87",6
"Nom_88","Prenom_88",6
"Nom_90","Prenom_90",6
"Nom_99","Prenom_99",6
"Nom_103","Prenom_103",6
"Nom_107","Prenom_107",6
"Nom_109","Prenom_109",6
"Nom_110","Prenom_110",6
"Nom_125","Prenom_125",6
"Nom_127","Prenom_127",6
"Nom_128","Prenom_128",6
"Nom_129","Prenom_129",6
"Nom_132","Prenom_132",6
"Nom_143","Prenom_143",6
"Nom_147","Prenom_147",6
"Nom_161","Prenom_161",6
"Nom_164","Prenom_164",6
"Nom_165","Prenom_165",6
"Nom_177","Prenom_177",6
"Nom_181","Prenom_181",6
"Nom_211","Prenom_211",6
"Nom_226","Prenom_226",6
"Nom_252","Prenom_252",6
"Nom_255","Prenom_255",6
"Nom_260","Prenom_260",6
"Nom_270","Prenom_270",6
"Nom_273","Prenom_273",6
"Nom_275","Prenom_275",6
"Nom_278","Prenom_278",6
"Nom_279","Prenom_279",6
"Nom_282","Prenom_282",6
"Nom_286","Prenom_286",6
"Nom_298","Prenom_298",6
"Nom_301","Prenom_301",6
"Nom_309","Prenom_309",6
"Nom_314","Prenom_314",6
"Nom_318","Prenom_318",6
"Nom_321","Prenom_321",6
"Nom_329","Prenom_329",6
"Nom_340","Prenom_340",6
"Nom_342","Prenom_342",6
"Nom_343","Prenom_343",6
"Nom_352","Prenom_352",6
"Nom_353","Prenom_353",6
"Nom_358","Prenom_358",6
"Nom_359","Prenom_359",6
"Nom_362","Prenom_362",6
"Nom_369","Prenom_369",6
"Nom_372","Prenom_372",6
"Nom_379","Prenom_379",6
"Nom_391","Prenom_391",6
"Nom_394","Prenom_394",6
"Nom_398","Prenom_398",6
