"id_employe","nom","prenom"
1489,"Nom_1489","Prenom_1489"
1269,"Nom_1269","Prenom_1269"
652,"Nom_652","Prenom_652"
273,"Nom_273","Prenom_273"
51,"Nom_51","Prenom_51"
1091,"Nom_1091","Prenom_1091"
951,"Nom_951","Prenom_951"
70,"Nom_70","Prenom_70"
839,"Nom_839","Prenom_839"
1075,"Nom_1075","Prenom_1075"
350,"Nom_350","Prenom_350"
539,"Nom_539","Prenom_539"
758,"Nom_758","Prenom_758"
1108,"Nom_1108","Prenom_1108"
1128,"Nom_1128","Prenom_1128"
874,"Nom_874","Prenom_874"
1284,"Nom_1284","Prenom_1284"
278,"Nom_278","Prenom_278"
1136,"Nom_1136","Prenom_1136"
946,"Nom_946","Prenom_946"
176,"Nom_176","Prenom_176"
576,"Nom_576","Prenom_576"
1494,"Nom_1494","Prenom_1494"
1003,"Nom_1003","Prenom_1003"
292,"Nom_292","Prenom_292"
1045,"Nom_1045","Prenom_1045"
1331,"Nom_1331","Prenom_1331"
929,"Nom_929","Prenom_929"
663,"Nom_663","Prenom_663"
770,"Nom_770","Prenom_770"
1307,"Nom_1307","Prenom_1307"
22,"Nom_22","Prenom_22"
271,"Nom_271","Prenom_271"
1493,"Nom_1493","Prenom_1493"
417,"Nom_417","Prenom_417"
1373,"Nom_1373","Prenom_1373"
764,"Nom_764","Prenom_764"
556,"Nom_556","Prenom_556"
1175,"Nom_1175","Prenom_1175"
529,"Nom_529","Prenom_529"
638,"Nom_638","Prenom_638"
1268,"Nom_1268","Prenom_1268"
775,"Nom_775","Prenom_775"
791,"Nom_791","Prenom_791"
940,"Nom_940","Prenom_940"
173,"Nom_173","Prenom_173"
390,"Nom_390","Prenom_390"
1018,"Nom_1018","Prenom_1018"
42,"Nom_42","Prenom_42"
1263,"Nom_1263","Prenom_1263"
189,"Nom_189","Prenom_189"
161,"Nom_161","Prenom_161"
876,"Nom_876","Prenom_876"
113,"Nom_113","Prenom_113"
1431,"Nom_1431","Prenom_1431"
632,"Nom_632","Prenom_632"
1372,"Nom_1372","Prenom_1372"
658,"Nom_658","Prenom_658"
120,"Nom_120","Prenom_120"
578,"Nom_578","Prenom_578"
1289,"Nom_1289","Prenom_1289"
802,"Nom_802","Prenom_802"
815,"Nom_815","Prenom_815"
695,"Nom_695","Prenom_695"
1422,"Nom_1422","Prenom_1422"
440,"Nom_440","Prenom_440"
1004,"Nom_1004","Prenom_1004"
1415,"Nom_1415","Prenom_1415"
794,"Nom_794","Prenom_794"
57,"Nom_57","Prenom_57"
19,"Nom_19","Prenom_19"
1313,"Nom_1313","Prenom_1313"
160,"Nom_160","Prenom_160"
644,"Nom_644","Prenom_644"
824,"Nom_824","Prenom_824"
1368,"Nom_1368","Prenom_1368"
508,"Nom_508","Prenom_508"
1262,"Nom_1262","Prenom_1262"
1194,"Nom_1194","Prenom_1194"
357,"Nom_357","Prenom_357"
1143,"Nom_1143","Prenom_1143"
769,"Nom_769","Prenom_769"
1463,"Nom_1463","Prenom_1463"
266,"Nom_266","Prenom_266"
1287,"Nom_1287","Prenom_1287"
315,"Nom_315","Prenom_315"
1162,"Nom_1162","Prenom_1162"
366,"Nom_366","Prenom_366"
307,"Nom_307","Prenom_307"
841,"Nom_841","Prenom_841"
91,"Nom_91","Prenom_91"
1030,"Nom_1030","Prenom_1030"
1239,"Nom_1239","Prenom_1239"
803,"Nom_803","Prenom_803"
54,"Nom_54","Prenom_54"
305,"Nom_305","Prenom_305"
181,"Nom_181","Prenom_181"
1312,"Nom_1312","Prenom_1312"
743,"Nom_743","Prenom_743"
1484,"Nom_1484","Prenom_1484"
10,"Nom_10","Prenom_10"
35,"Nom_35","Prenom_35"
963,"Nom_963","Prenom_963"
220,"Nom_220","Prenom_220"
1278,"Nom_1278","Prenom_1278"
822,"Nom_822","Prenom_822"
823,"Nom_823","Prenom_823"
400,"Nom_400","Prenom_400"
1118,"Nom_1118","Prenom_1118"
1025,"Nom_1025","Prenom_1025"
175,"Nom_175","Prenom_175"
241,"Nom_241","Prenom_241"
1007,"Nom_1007","Prenom_1007"
596,"Nom_596","Prenom_596"
285,"Nom_285","Prenom_285"
50,"Nom_50","Prenom_50"
13,"Nom_13","Prenom_13"
1319,"Nom_1319","Prenom_1319"
1266,"Nom_1266","Prenom_1266"
391,"Nom_391","Prenom_391"
1104,"Nom_1104","Prenom_1104"
487,"Nom_487","Prenom_487"
2,"Nom_2","Prenom_2"
699,"Nom_699","Prenom_699"
246,"Nom_246","Prenom_246"
75,"Nom_75","Prenom_75"
128,"Nom_128","Prenom_128"
1190,"Nom_1190","Prenom_1190"
714,"Nom_714","Prenom_714"
344,"Nom_344","Prenom_344"
906,"Nom_906","Prenom_906"
909,"Nom_909","Prenom_909"
1321,"Nom_1321","Prenom_1321"
745,"Nom_745","Prenom_745"
1078,"Nom_1078","Prenom_1078"
534,"Nom_534","Prenom_534"
152,"Nom_152","Prenom_152"
1216,"Nom_1216","Prenom_1216"
1049,"Nom_1049","Prenom_1049"
428,"Nom_428","Prenom_428"
355,"Nom_355","Prenom_355"
637,"Nom_637","Prenom_637"
1279,"Nom_1279","Prenom_1279"
1403,"Nom_1403","Prenom_1403"
747,"Nom_747","Prenom_747"
222,"Nom_222","Prenom_222"
1006,"Nom_1006","Prenom_1006"
1324,"Nom_1324","Prenom_1324"
1008,"Nom_1008","Prenom_1008"
164,"Nom_164","Prenom_164"
777,"Nom_777","Prenom_777"
1098,"Nom_1098","Prenom_1098"
1325,"Nom_1325","Prenom_1325"
453,"Nom_453","Prenom_453"
922,"Nom_922","Prenom_922"
787,"Nom_787","Prenom_787"
186,"Nom_186","Prenom_186"
501,"Nom_501","Prenom_501"
750,"Nom_750","Prenom_750"
182,"Nom_182","Prenom_182"
545,"Nom_545","Prenom_545"
18,"Nom_18","Prenom_18"
977,"Nom_977","Prenom_977"
528,"Nom_528","Prenom_528"
27,"Nom_27","Prenom_27"
143,"Nom_143","Prenom_143"
563,"Nom_563","Prenom_563"
811,"Nom_811","Prenom_811"
496,"Nom_496","Prenom_496"
58,"Nom_58","Prenom_58"
228,"Nom_228","Prenom_228"
1474,"Nom_1474","Prenom_1474"
667,"Nom_667","Prenom_667"
668,"Nom_668","Prenom_668"
814,"Nom_814","Prenom_814"
294,"Nom_294","Prenom_294"
850,"Nom_850","Prenom_850"
481,"Nom_481","Prenom_481"
926,"Nom_926","Prenom_926"
645,"Nom_645","Prenom_645"
1009,"Nom_1009","Prenom_1009"
607,"Nom_607","Prenom_607"
1460,"Nom_1460","Prenom_1460"
438,"Nom_438","Prenom_438"
382,"Nom_382","Prenom_382"
258,"Nom_258","Prenom_258"
853,"Nom_853","Prenom_853"
378,"Nom_378","Prenom_378"
483,"Nom_483","Prenom_483"
1349,"Nom_1349","Prenom_1349"
1050,"Nom_1050","Prenom_1050"
84,"Nom_84","Prenom_84"
799,"Nom_799","Prenom_799"
276,"Nom_276","Prenom_276"
646,"Nom_646","Prenom_646"
1259,"Nom_1259","Prenom_1259"
1044,"Nom_1044","Prenom_1044"
379,"Nom_379","Prenom_379"
320,"Nom_320","Prenom_320"
1062,"Nom_1062","Prenom_1062"
942,"Nom_942","Prenom_942"
115,"Nom_115","Prenom_115"
1458,"Nom_1458","Prenom_1458"
97,"Nom_97","Prenom_97"
108,"Nom_108","Prenom_108"
59,"Nom_59","Prenom_59"
589,"Nom_589","Prenom_589"
127,"Nom_127","Prenom_127"
1167,"Nom_1167","Prenom_1167"
1285,"Nom_1285","Prenom_1285"
555,"Nom_555","Prenom_555"
682,"Nom_682","Prenom_682"
567,"Nom_567","Prenom_567"
329,"Nom_329","Prenom_329"
44,"Nom_44","Prenom_44"
1144,"Nom_1144","Prenom_1144"
816,"Nom_816","Prenom_816"
1447,"Nom_1447","Prenom_1447"
1398,"Nom_1398","Prenom_1398"
676,"Nom_676","Prenom_676"
153,"Nom_153","Prenom_153"
778,"Nom_778","Prenom_778"
507,"Nom_507","Prenom_507"
1022,"Nom_1022","Prenom_1022"
944,"Nom_944","Prenom_944"
214,"Nom_214","Prenom_214"
847,"Nom_847","Prenom_847"
419,"Nom_419","Prenom_419"
1336,"Nom_1336","Prenom_1336"
664,"Nom_664","Prenom_664"
551,"Nom_551","Prenom_551"
532,"Nom_532","Prenom_532"
1170,"Nom_1170","Prenom_1170"
945,"Nom_945","Prenom_945"
1371,"Nom_1371","Prenom_1371"
948,"Nom_948","Prenom_948"
95,"Nom_95","Prenom_95"
1434,"Nom_1434","Prenom_1434"
259,"Nom_259","Prenom_259"
1203,"Nom_1203","Prenom_1203"
519,"Nom_519","Prenom_519"
172,"Nom_172","Prenom_172"
965,"Nom_965","Prenom_965"
1250,"Nom_1250","Prenom_1250"
409,"Nom_409","Prenom_409"
840,"Nom_840","Prenom_840"
30,"Nom_30","Prenom_30"
521,"Nom_521","Prenom_521"
1378,"Nom_1378","Prenom_1378"
3,"Nom_3","Prenom_3"
1038,"Nom_1038","Prenom_1038"
936,"Nom_936","Prenom_936"
324,"Nom_324","Prenom_324"
981,"Nom_981","Prenom_981"
921,"Nom_921","Prenom_921"
1334,"Nom_1334","Prenom_1334"
1221,"Nom_1221","Prenom_1221"
1227,"Nom_1227","Prenom_1227"
249,"Nom_249","Prenom_249"
255,"Nom_255","Prenom_255"
1126,"Nom_1126","Prenom_1126"
1295,"Nom_1295","Prenom_1295"
1217,"Nom_1217","Prenom_1217"
984,"Nom_984","Prenom_984"
639,"Nom_639","Prenom_639"
296,"Nom_296","Prenom_296"
209,"Nom_209","Prenom_209"
74,"Nom_74","Prenom_74"
937,"Nom_937","Prenom_937"
1249,"Nom_1249","Prenom_1249"
138,"Nom_138","Prenom_138"
868,"Nom_868","Prenom_868"
34,"Nom_34","Prenom_34"
418,"Nom_418","Prenom_418"
947,"Nom_947","Prenom_947"
1411,"Nom_1411","Prenom_1411"
972,"Nom_972","Prenom_972"
978,"Nom_978","Prenom_978"
761,"Nom_761","Prenom_761"
1229,"Nom_1229","Prenom_1229"
407,"Nom_407","Prenom_407"
1084,"Nom_1084","Prenom_1084"
90,"Nom_90","Prenom_90"
904,"Nom_904","Prenom_904"
387,"Nom_387","Prenom_387"
443,"Nom_443","Prenom_443"
1337,"Nom_1337","Prenom_1337"
39,"Nom_39","Prenom_39"
690,"Nom_690","Prenom_690"
526,"Nom_526","Prenom_526"
1477,"Nom_1477","Prenom_1477"
1209,"Nom_1209","Prenom_1209"
393,"Nom_393","Prenom_393"
1428,"Nom_1428","Prenom_1428"
524,"Nom_524","Prenom_524"
312,"Nom_312","Prenom_312"
1151,"Nom_1151","Prenom_1151"
498,"Nom_498","Prenom_498"
862,"Nom_862","Prenom_862"
1185,"Nom_1185","Prenom_1185"
469,"Nom_469","Prenom_469"
494,"Nom_494","Prenom_494"
118,"Nom_118","Prenom_118"
683,"Nom_683","Prenom_683"
608,"Nom_608","Prenom_608"
317,"Nom_317","Prenom_317"
793,"Nom_793","Prenom_793"
1265,"Nom_1265","Prenom_1265"
702,"Nom_702","Prenom_702"
488,"Nom_488","Prenom_488"
126,"Nom_126","Prenom_126"
1048,"Nom_1048","Prenom_1048"
1101,"Nom_1101","Prenom_1101"
194,"Nom_194","Prenom_194"
360,"Nom_360","Prenom_360"
463,"Nom_463","Prenom_463"
476,"Nom_476","Prenom_476"
99,"Nom_99","Prenom_99"
883,"Nom_883","Prenom_883"
629,"Nom_629","Prenom_629"
726,"Nom_726","Prenom_726"
374,"Nom_374","Prenom_374"
1146,"Nom_1146","Prenom_1146"
1215,"Nom_1215","Prenom_1215"
224,"Nom_224","Prenom_224"
1210,"Nom_1210","Prenom_1210"
719,"Nom_719","Prenom_719"
318,"Nom_318","Prenom_318"
756,"Nom_756","Prenom_756"
1476,"Nom_1476","Prenom_1476"
933,"Nom_933","Prenom_933"
354,"Nom_354","Prenom_354"
442,"Nom_442","Prenom_442"
647,"Nom_647","Prenom_647"
1238,"Nom_1238","Prenom_1238"
1296,"Nom_1296","Prenom_1296"
593,"Nom_593","Prenom_593"
12,"Nom_12","Prenom_12"
479,"Nom_479","Prenom_479"
293,"Nom_293","Prenom_293"
1354,"Nom_1354","Prenom_1354"
1120,"Nom_1120","Prenom_1120"
495,"Nom_495","Prenom_495"
154,"Nom_154","Prenom_154"
1257,"Nom_1257","Prenom_1257"
1283,"Nom_1283","Prenom_1283"
234,"Nom_234","Prenom_234"
657,"Nom_657","Prenom_657"
474,"Nom_474","Prenom_474"
1306,"Nom_1306","Prenom_1306"
899,"Nom_899","Prenom_899"
935,"Nom_935","Prenom_935"
675,"Nom_675","Prenom_675"
748,"Nom_748","Prenom_748"
696,"Nom_696","Prenom_696"
969,"Nom_969","Prenom_969"
1179,"Nom_1179","Prenom_1179"
264,"Nom_264","Prenom_264"
1253,"Nom_1253","Prenom_1253"
270,"Nom_270","Prenom_270"
898,"Nom_898","Prenom_898"
435,"Nom_435","Prenom_435"
384,"Nom_384","Prenom_384"
1145,"Nom_1145","Prenom_1145"
351,"Nom_351","Prenom_351"
116,"Nom_116","Prenom_116"
970,"Nom_970","Prenom_970"
732,"Nom_732","Prenom_732"
837,"Nom_837","Prenom_837"
826,"Nom_826","Prenom_826"
431,"Nom_431","Prenom_431"
1226,"Nom_1226","Prenom_1226"
462,"Nom_462","Prenom_462"
491,"Nom_491","Prenom_491"
911,"Nom_911","Prenom_911"
734,"Nom_734","Prenom_734"
855,"Nom_855","Prenom_855"
1272,"Nom_1272","Prenom_1272"
436,"Nom_436","Prenom_436"
1248,"Nom_1248","Prenom_1248"
180,"Nom_180","Prenom_180"
870,"Nom_870","Prenom_870"
967,"Nom_967","Prenom_967"
1219,"Nom_1219","Prenom_1219"
1397,"Nom_1397","Prenom_1397"
626,"Nom_626","Prenom_626"
263,"Nom_263","Prenom_263"
836,"Nom_836","Prenom_836"
784,"Nom_784","Prenom_784"
711,"Nom_711","Prenom_711"
470,"Nom_470","Prenom_470"
780,"Nom_780","Prenom_780"
768,"Nom_768","Prenom_768"
838,"Nom_838","Prenom_838"
1036,"Nom_1036","Prenom_1036"
478,"Nom_478","Prenom_478"
149,"Nom_149","Prenom_149"
577,"Nom_577","Prenom_577"
1301,"Nom_1301","Prenom_1301"
505,"Nom_505","Prenom_505"
280,"Nom_280","Prenom_280"
88,"Nom_88","Prenom_88"
188,"Nom_188","Prenom_188"
461,"Nom_461","Prenom_461"
240,"Nom_240","Prenom_240"
328,"Nom_328","Prenom_328"
1057,"Nom_1057","Prenom_1057"
1467,"Nom_1467","Prenom_1467"
717,"Nom_717","Prenom_717"
525,"Nom_525","Prenom_525"
634,"Nom_634","Prenom_634"
1046,"Nom_1046","Prenom_1046"
1328,"Nom_1328","Prenom_1328"
650,"Nom_650","Prenom_650"
703,"Nom_703","Prenom_703"
210,"Nom_210","Prenom_210"
226,"Nom_226","Prenom_226"
1161,"Nom_1161","Prenom_1161"
48,"Nom_48","Prenom_48"
843,"Nom_843","Prenom_843"
710,"Nom_710","Prenom_710"
447,"Nom_447","Prenom_447"
1016,"Nom_1016","Prenom_1016"
298,"Nom_298","Prenom_298"
81,"Nom_81","Prenom_81"
1015,"Nom_1015","Prenom_1015"
954,"Nom_954","Prenom_954"
1218,"Nom_1218","Prenom_1218"
800,"Nom_800","Prenom_800"
204,"Nom_204","Prenom_204"
1495,"Nom_1495","Prenom_1495"
1021,"Nom_1021","Prenom_1021"
5,"Nom_5","Prenom_5"
1165,"Nom_1165","Prenom_1165"
1077,"Nom_1077","Prenom_1077"
456,"Nom_456","Prenom_456"
796,"Nom_796","Prenom_796"
1281,"Nom_1281","Prenom_1281"
1247,"Nom_1247","Prenom_1247"
531,"Nom_531","Prenom_531"
1429,"Nom_1429","Prenom_1429"
283,"Nom_283","Prenom_283"
1409,"Nom_1409","Prenom_1409"
807,"Nom_807","Prenom_807"
546,"Nom_546","Prenom_546"
624,"Nom_624","Prenom_624"
1427,"Nom_1427","Prenom_1427"
297,"Nom_297","Prenom_297"
686,"Nom_686","Prenom_686"
361,"Nom_361","Prenom_361"
681,"Nom_681","Prenom_681"
1173,"Nom_1173","Prenom_1173"
303,"Nom_303","Prenom_303"
1261,"Nom_1261","Prenom_1261"
974,"Nom_974","Prenom_974"
829,"Nom_829","Prenom_829"
785,"Nom_785","Prenom_785"
472,"Nom_472","Prenom_472"
1406,"Nom_1406","Prenom_1406"
643,"Nom_643","Prenom_643"
444,"Nom_444","Prenom_444"
233,"Nom_233","Prenom_233"
537,"Nom_537","Prenom_537"
1149,"Nom_1149","Prenom_1149"
1370,"Nom_1370","Prenom_1370"
1115,"Nom_1115","Prenom_1115"
1401,"Nom_1401","Prenom_1401"
89,"Nom_89","Prenom_89"
93,"Nom_93","Prenom_93"
373,"Nom_373","Prenom_373"
252,"Nom_252","Prenom_252"
31,"Nom_31","Prenom_31"
343,"Nom_343","Prenom_343"
1199,"Nom_1199","Prenom_1199"
1383,"Nom_1383","Prenom_1383"
1316,"Nom_1316","Prenom_1316"
723,"Nom_723","Prenom_723"
1345,"Nom_1345","Prenom_1345"
497,"Nom_497","Prenom_497"
1086,"Nom_1086","Prenom_1086"
884,"Nom_884","Prenom_884"
155,"Nom_155","Prenom_155"
722,"Nom_722","Prenom_722"
953,"Nom_953","Prenom_953"
609,"Nom_609","Prenom_609"
416,"Nom_416","Prenom_416"
195,"Nom_195","Prenom_195"
1286,"Nom_1286","Prenom_1286"
1137,"Nom_1137","Prenom_1137"
1153,"Nom_1153","Prenom_1153"
199,"Nom_199","Prenom_199"
1097,"Nom_1097","Prenom_1097"
369,"Nom_369","Prenom_369"
1374,"Nom_1374","Prenom_1374"
441,"Nom_441","Prenom_441"
243,"Nom_243","Prenom_243"
1264,"Nom_1264","Prenom_1264"
902,"Nom_902","Prenom_902"
1309,"Nom_1309","Prenom_1309"
1142,"Nom_1142","Prenom_1142"
1047,"Nom_1047","Prenom_1047"
740,"Nom_740","Prenom_740"
1178,"Nom_1178","Prenom_1178"
892,"Nom_892","Prenom_892"
856,"Nom_856","Prenom_856"
230,"Nom_230","Prenom_230"
1083,"Nom_1083","Prenom_1083"
503,"Nom_503","Prenom_503"
1154,"Nom_1154","Prenom_1154"
78,"Nom_78","Prenom_78"
573,"Nom_573","Prenom_573"
1356,"Nom_1356","Prenom_1356"
994,"Nom_994","Prenom_994"
1451,"Nom_1451","Prenom_1451"
987,"Nom_987","Prenom_987"
1099,"Nom_1099","Prenom_1099"
250,"Nom_250","Prenom_250"
852,"Nom_852","Prenom_852"
611,"Nom_611","Prenom_611"
621,"Nom_621","Prenom_621"
865,"Nom_865","Prenom_865"
1246,"Nom_1246","Prenom_1246"
1382,"Nom_1382","Prenom_1382"
1206,"Nom_1206","Prenom_1206"
106,"Nom_106","Prenom_106"
962,"Nom_962","Prenom_962"
1200,"Nom_1200","Prenom_1200"
1010,"Nom_1010","Prenom_1010"
178,"Nom_178","Prenom_178"
795,"Nom_795","Prenom_795"
809,"Nom_809","Prenom_809"
585,"Nom_585","Prenom_585"
8,"Nom_8","Prenom_8"
934,"Nom_934","Prenom_934"
908,"Nom_908","Prenom_908"
1310,"Nom_1310","Prenom_1310"
708,"Nom_708","Prenom_708"
455,"Nom_455","Prenom_455"
370,"Nom_370","Prenom_370"
684,"Nom_684","Prenom_684"
713,"Nom_713","Prenom_713"
1135,"Nom_1135","Prenom_1135"
448,"Nom_448","Prenom_448"
1205,"Nom_1205","Prenom_1205"
1156,"Nom_1156","Prenom_1156"
930,"Nom_930","Prenom_930"
396,"Nom_396","Prenom_396"
1395,"Nom_1395","Prenom_1395"
701,"Nom_701","Prenom_701"
1092,"Nom_1092","Prenom_1092"
1472,"Nom_1472","Prenom_1472"
132,"Nom_132","Prenom_132"
514,"Nom_514","Prenom_514"
322,"Nom_322","Prenom_322"
1414,"Nom_1414","Prenom_1414"
854,"Nom_854","Prenom_854"
1234,"Nom_1234","Prenom_1234"
389,"Nom_389","Prenom_389"
916,"Nom_916","Prenom_916"
1056,"Nom_1056","Prenom_1056"
1471,"Nom_1471","Prenom_1471"
863,"Nom_863","Prenom_863"
114,"Nom_114","Prenom_114"
60,"Nom_60","Prenom_60"
1106,"Nom_1106","Prenom_1106"
1052,"Nom_1052","Prenom_1052"
754,"Nom_754","Prenom_754"
518,"Nom_518","Prenom_518"
1413,"Nom_1413","Prenom_1413"
289,"Nom_289","Prenom_289"
1299,"Nom_1299","Prenom_1299"
583,"Nom_583","Prenom_583"
65,"Nom_65","Prenom_65"
1202,"Nom_1202","Prenom_1202"
693,"Nom_693","Prenom_693"
1400,"Nom_1400","Prenom_1400"
98,"Nom_98","Prenom_98"
744,"Nom_744","Prenom_744"
1488,"Nom_1488","Prenom_1488"
715,"Nom_715","Prenom_715"
490,"Nom_490","Prenom_490"
1462,"Nom_1462","Prenom_1462"
527,"Nom_527","Prenom_527"
235,"Nom_235","Prenom_235"
1132,"Nom_1132","Prenom_1132"
627,"Nom_627","Prenom_627"
763,"Nom_763","Prenom_763"
119,"Nom_119","Prenom_119"
286,"Nom_286","Prenom_286"
306,"Nom_306","Prenom_306"
376,"Nom_376","Prenom_376"
147,"Nom_147","Prenom_147"
860,"Nom_860","Prenom_860"
480,"Nom_480","Prenom_480"
338,"Nom_338","Prenom_338"
1066,"Nom_1066","Prenom_1066"
358,"Nom_358","Prenom_358"
412,"Nom_412","Prenom_412"
1470,"Nom_1470","Prenom_1470"
989,"Nom_989","Prenom_989"
26,"Nom_26","Prenom_26"
950,"Nom_950","Prenom_950"
564,"Nom_564","Prenom_564"
72,"Nom_72","Prenom_72"
535,"Nom_535","Prenom_535"
1168,"Nom_1168","Prenom_1168"
1159,"Nom_1159","Prenom_1159"
1260,"Nom_1260","Prenom_1260"
642,"Nom_642","Prenom_642"
232,"Nom_232","Prenom_232"
77,"Nom_77","Prenom_77"
725,"Nom_725","Prenom_725"
131,"Nom_131","Prenom_131"
37,"Nom_37","Prenom_37"
310,"Nom_310","Prenom_310"
832,"Nom_832","Prenom_832"
907,"Nom_907","Prenom_907"
1001,"Nom_1001","Prenom_1001"
584,"Nom_584","Prenom_584"
746,"Nom_746","Prenom_746"
1469,"Nom_1469","Prenom_1469"
353,"Nom_353","Prenom_353"
806,"Nom_806","Prenom_806"
939,"Nom_939","Prenom_939"
834,"Nom_834","Prenom_834"
831,"Nom_831","Prenom_831"
813,"Nom_813","Prenom_813"
1164,"Nom_1164","Prenom_1164"
1298,"Nom_1298","Prenom_1298"
574,"Nom_574","Prenom_574"
1335,"Nom_1335","Prenom_1335"
225,"Nom_225","Prenom_225"
1443,"Nom_1443","Prenom_1443"
1305,"Nom_1305","Prenom_1305"
1344,"Nom_1344","Prenom_1344"
333,"Nom_333","Prenom_333"
1496,"Nom_1496","Prenom_1496"
45,"Nom_45","Prenom_45"
1446,"Nom_1446","Prenom_1446"
174,"Nom_174","Prenom_174"
1375,"Nom_1375","Prenom_1375"
134,"Nom_134","Prenom_134"
891,"Nom_891","Prenom_891"
1430,"Nom_1430","Prenom_1430"
1297,"Nom_1297","Prenom_1297"
1419,"Nom_1419","Prenom_1419"
918,"Nom_918","Prenom_918"
1241,"Nom_1241","Prenom_1241"
1293,"Nom_1293","Prenom_1293"
975,"Nom_975","Prenom_975"
36,"Nom_36","Prenom_36"
848,"Nom_848","Prenom_848"
1303,"Nom_1303","Prenom_1303"
430,"Nom_430","Prenom_430"
102,"Nom_102","Prenom_102"
158,"Nom_158","Prenom_158"
1292,"Nom_1292","Prenom_1292"
533,"Nom_533","Prenom_533"
915,"Nom_915","Prenom_915"
459,"Nom_459","Prenom_459"
207,"Nom_207","Prenom_207"
979,"Nom_979","Prenom_979"
123,"Nom_123","Prenom_123"
871,"Nom_871","Prenom_871"
1418,"Nom_1418","Prenom_1418"
1180,"Nom_1180","Prenom_1180"
881,"Nom_881","Prenom_881"
385,"Nom_385","Prenom_385"
1410,"Nom_1410","Prenom_1410"
492,"Nom_492","Prenom_492"
544,"Nom_544","Prenom_544"
1442,"Nom_1442","Prenom_1442"
365,"Nom_365","Prenom_365"
704,"Nom_704","Prenom_704"
157,"Nom_157","Prenom_157"
606,"Nom_606","Prenom_606"
308,"Nom_308","Prenom_308"
618,"Nom_618","Prenom_618"
880,"Nom_880","Prenom_880"
1072,"Nom_1072","Prenom_1072"
313,"Nom_313","Prenom_313"
140,"Nom_140","Prenom_140"
1080,"Nom_1080","Prenom_1080"
248,"Nom_248","Prenom_248"
137,"Nom_137","Prenom_137"
208,"Nom_208","Prenom_208"
392,"Nom_392","Prenom_392"
614,"Nom_614","Prenom_614"
24,"Nom_24","Prenom_24"
191,"Nom_191","Prenom_191"
966,"Nom_966","Prenom_966"
760,"Nom_760","Prenom_760"
94,"Nom_94","Prenom_94"
1055,"Nom_1055","Prenom_1055"
218,"Nom_218","Prenom_218"
49,"Nom_49","Prenom_49"
1188,"Nom_1188","Prenom_1188"
1500,"Nom_1500","Prenom_1500"
671,"Nom_671","Prenom_671"
580,"Nom_580","Prenom_580"
1131,"Nom_1131","Prenom_1131"
742,"Nom_742","Prenom_742"
912,"Nom_912","Prenom_912"
846,"Nom_846","Prenom_846"
1478,"Nom_1478","Prenom_1478"
938,"Nom_938","Prenom_938"
1037,"Nom_1037","Prenom_1037"
1158,"Nom_1158","Prenom_1158"
87,"Nom_87","Prenom_87"
184,"Nom_184","Prenom_184"
753,"Nom_753","Prenom_753"
1300,"Nom_1300","Prenom_1300"
477,"Nom_477","Prenom_477"
550,"Nom_550","Prenom_550"
394,"Nom_394","Prenom_394"
272,"Nom_272","Prenom_272"
781,"Nom_781","Prenom_781"
1437,"Nom_1437","Prenom_1437"
867,"Nom_867","Prenom_867"
190,"Nom_190","Prenom_190"
1362,"Nom_1362","Prenom_1362"
858,"Nom_858","Prenom_858"
554,"Nom_554","Prenom_554"
424,"Nom_424","Prenom_424"
406,"Nom_406","Prenom_406"
670,"Nom_670","Prenom_670"
309,"Nom_309","Prenom_309"
849,"Nom_849","Prenom_849"
509,"Nom_509","Prenom_509"
1366,"Nom_1366","Prenom_1366"
919,"Nom_919","Prenom_919"
1348,"Nom_1348","Prenom_1348"
156,"Nom_156","Prenom_156"
1067,"Nom_1067","Prenom_1067"
1096,"Nom_1096","Prenom_1096"
932,"Nom_932","Prenom_932"
1273,"Nom_1273","Prenom_1273"
641,"Nom_641","Prenom_641"
475,"Nom_475","Prenom_475"
1408,"Nom_1408","Prenom_1408"
1475,"Nom_1475","Prenom_1475"
961,"Nom_961","Prenom_961"
888,"Nom_888","Prenom_888"
1433,"Nom_1433","Prenom_1433"
1235,"Nom_1235","Prenom_1235"
282,"Nom_282","Prenom_282"
269,"Nom_269","Prenom_269"
733,"Nom_733","Prenom_733"
261,"Nom_261","Prenom_261"
502,"Nom_502","Prenom_502"
117,"Nom_117","Prenom_117"
257,"Nom_257","Prenom_257"
40,"Nom_40","Prenom_40"
125,"Nom_125","Prenom_125"
1122,"Nom_1122","Prenom_1122"
700,"Nom_700","Prenom_700"
1426,"Nom_1426","Prenom_1426"
1308,"Nom_1308","Prenom_1308"
43,"Nom_43","Prenom_43"
1485,"Nom_1485","Prenom_1485"
1166,"Nom_1166","Prenom_1166"
1258,"Nom_1258","Prenom_1258"
587,"Nom_587","Prenom_587"
1444,"Nom_1444","Prenom_1444"
1090,"Nom_1090","Prenom_1090"
349,"Nom_349","Prenom_349"
187,"Nom_187","Prenom_187"
914,"Nom_914","Prenom_914"
766,"Nom_766","Prenom_766"
728,"Nom_728","Prenom_728"
1150,"Nom_1150","Prenom_1150"
1119,"Nom_1119","Prenom_1119"
506,"Nom_506","Prenom_506"
1416,"Nom_1416","Prenom_1416"
242,"Nom_242","Prenom_242"
331,"Nom_331","Prenom_331"
1024,"Nom_1024","Prenom_1024"
913,"Nom_913","Prenom_913"
599,"Nom_599","Prenom_599"
677,"Nom_677","Prenom_677"
1468,"Nom_1468","Prenom_1468"
1464,"Nom_1464","Prenom_1464"
1486,"Nom_1486","Prenom_1486"
1461,"Nom_1461","Prenom_1461"
1232,"Nom_1232","Prenom_1232"
1028,"Nom_1028","Prenom_1028"
29,"Nom_29","Prenom_29"
4,"Nom_4","Prenom_4"
698,"Nom_698","Prenom_698"
96,"Nom_96","Prenom_96"
466,"Nom_466","Prenom_466"
201,"Nom_201","Prenom_201"
844,"Nom_844","Prenom_844"
980,"Nom_980","Prenom_980"
1039,"Nom_1039","Prenom_1039"
631,"Nom_631","Prenom_631"
1201,"Nom_1201","Prenom_1201"
1314,"Nom_1314","Prenom_1314"
107,"Nom_107","Prenom_107"
1196,"Nom_1196","Prenom_1196"
6,"Nom_6","Prenom_6"
446,"Nom_446","Prenom_446"
749,"Nom_749","Prenom_749"
86,"Nom_86","Prenom_86"
1163,"Nom_1163","Prenom_1163"
1148,"Nom_1148","Prenom_1148"
920,"Nom_920","Prenom_920"
1058,"Nom_1058","Prenom_1058"
219,"Nom_219","Prenom_219"
363,"Nom_363","Prenom_363"
1432,"Nom_1432","Prenom_1432"
66,"Nom_66","Prenom_66"
231,"Nom_231","Prenom_231"
661,"Nom_661","Prenom_661"
340,"Nom_340","Prenom_340"
512,"Nom_512","Prenom_512"
1213,"Nom_1213","Prenom_1213"
873,"Nom_873","Prenom_873"
356,"Nom_356","Prenom_356"
523,"Nom_523","Prenom_523"
1311,"Nom_1311","Prenom_1311"
458,"Nom_458","Prenom_458"
414,"Nom_414","Prenom_414"
640,"Nom_640","Prenom_640"
1053,"Nom_1053","Prenom_1053"
368,"Nom_368","Prenom_368"
1452,"Nom_1452","Prenom_1452"
735,"Nom_735","Prenom_735"
538,"Nom_538","Prenom_538"
166,"Nom_166","Prenom_166"
595,"Nom_595","Prenom_595"
142,"Nom_142","Prenom_142"
924,"Nom_924","Prenom_924"
410,"Nom_410","Prenom_410"
872,"Nom_872","Prenom_872"
1140,"Nom_1140","Prenom_1140"
1054,"Nom_1054","Prenom_1054"
792,"Nom_792","Prenom_792"
1381,"Nom_1381","Prenom_1381"
896,"Nom_896","Prenom_896"
651,"Nom_651","Prenom_651"
381,"Nom_381","Prenom_381"
38,"Nom_38","Prenom_38"
1005,"Nom_1005","Prenom_1005"
359,"Nom_359","Prenom_359"
597,"Nom_597","Prenom_597"
1291,"Nom_1291","Prenom_1291"
193,"Nom_193","Prenom_193"
1449,"Nom_1449","Prenom_1449"
1435,"Nom_1435","Prenom_1435"
1012,"Nom_1012","Prenom_1012"
730,"Nom_730","Prenom_730"
548,"Nom_548","Prenom_548"
217,"Nom_217","Prenom_217"
1212,"Nom_1212","Prenom_1212"
1087,"Nom_1087","Prenom_1087"
1457,"Nom_1457","Prenom_1457"
709,"Nom_709","Prenom_709"
47,"Nom_47","Prenom_47"
177,"Nom_177","Prenom_177"
1105,"Nom_1105","Prenom_1105"
886,"Nom_886","Prenom_886"
1332,"Nom_1332","Prenom_1332"
727,"Nom_727","Prenom_727"
985,"Nom_985","Prenom_985"
810,"Nom_810","Prenom_810"
1405,"Nom_1405","Prenom_1405"
779,"Nom_779","Prenom_779"
1231,"Nom_1231","Prenom_1231"
1276,"Nom_1276","Prenom_1276"
110,"Nom_110","Prenom_110"
1117,"Nom_1117","Prenom_1117"
1251,"Nom_1251","Prenom_1251"
931,"Nom_931","Prenom_931"
145,"Nom_145","Prenom_145"
557,"Nom_557","Prenom_557"
1189,"Nom_1189","Prenom_1189"
718,"Nom_718","Prenom_718"
623,"Nom_623","Prenom_623"
485,"Nom_485","Prenom_485"
1364,"Nom_1364","Prenom_1364"
1439,"Nom_1439","Prenom_1439"
1388,"Nom_1388","Prenom_1388"
1081,"Nom_1081","Prenom_1081"
229,"Nom_229","Prenom_229"
1112,"Nom_1112","Prenom_1112"
559,"Nom_559","Prenom_559"
1315,"Nom_1315","Prenom_1315"
788,"Nom_788","Prenom_788"
1102,"Nom_1102","Prenom_1102"
304,"Nom_304","Prenom_304"
52,"Nom_52","Prenom_52"
1453,"Nom_1453","Prenom_1453"
1198,"Nom_1198","Prenom_1198"
633,"Nom_633","Prenom_633"
341,"Nom_341","Prenom_341"
450,"Nom_450","Prenom_450"
900,"Nom_900","Prenom_900"
405,"Nom_405","Prenom_405"
170,"Nom_170","Prenom_170"
1195,"Nom_1195","Prenom_1195"
996,"Nom_996","Prenom_996"
762,"Nom_762","Prenom_762"
712,"Nom_712","Prenom_712"
192,"Nom_192","Prenom_192"
1174,"Nom_1174","Prenom_1174"
513,"Nom_513","Prenom_513"
1197,"Nom_1197","Prenom_1197"
101,"Nom_101","Prenom_101"
1063,"Nom_1063","Prenom_1063"
473,"Nom_473","Prenom_473"
69,"Nom_69","Prenom_69"
1059,"Nom_1059","Prenom_1059"
878,"Nom_878","Prenom_878"
679,"Nom_679","Prenom_679"
375,"Nom_375","Prenom_375"
983,"Nom_983","Prenom_983"
415,"Nom_415","Prenom_415"
976,"Nom_976","Prenom_976"
729,"Nom_729","Prenom_729"
408,"Nom_408","Prenom_408"
680,"Nom_680","Prenom_680"
1242,"Nom_1242","Prenom_1242"
1365,"Nom_1365","Prenom_1365"
1376,"Nom_1376","Prenom_1376"
782,"Nom_782","Prenom_782"
1160,"Nom_1160","Prenom_1160"
689,"Nom_689","Prenom_689"
1338,"Nom_1338","Prenom_1338"
1359,"Nom_1359","Prenom_1359"
522,"Nom_522","Prenom_522"
982,"Nom_982","Prenom_982"
674,"Nom_674","Prenom_674"
1079,"Nom_1079","Prenom_1079"
11,"Nom_11","Prenom_11"
1445,"Nom_1445","Prenom_1445"
630,"Nom_630","Prenom_630"
1152,"Nom_1152","Prenom_1152"
575,"Nom_575","Prenom_575"
1384,"Nom_1384","Prenom_1384"
821,"Nom_821","Prenom_821"
1330,"Nom_1330","Prenom_1330"
1492,"Nom_1492","Prenom_1492"
401,"Nom_401","Prenom_401"
1456,"Nom_1456","Prenom_1456"
1483,"Nom_1483","Prenom_1483"
1141,"Nom_1141","Prenom_1141"
1329,"Nom_1329","Prenom_1329"
659,"Nom_659","Prenom_659"
739,"Nom_739","Prenom_739"
279,"Nom_279","Prenom_279"
1094,"Nom_1094","Prenom_1094"
9,"Nom_9","Prenom_9"
1481,"Nom_1481","Prenom_1481"
1480,"Nom_1480","Prenom_1480"
1110,"Nom_1110","Prenom_1110"
903,"Nom_903","Prenom_903"
741,"Nom_741","Prenom_741"
1490,"Nom_1490","Prenom_1490"
716,"Nom_716","Prenom_716"
897,"Nom_897","Prenom_897"
543,"Nom_543","Prenom_543"
565,"Nom_565","Prenom_565"
736,"Nom_736","Prenom_736"
566,"Nom_566","Prenom_566"
1473,"Nom_1473","Prenom_1473"
457,"Nom_457","Prenom_457"
1130,"Nom_1130","Prenom_1130"
85,"Nom_85","Prenom_85"
592,"Nom_592","Prenom_592"
1440,"Nom_1440","Prenom_1440"
281,"Nom_281","Prenom_281"
687,"Nom_687","Prenom_687"
1041,"Nom_1041","Prenom_1041"
553,"Nom_553","Prenom_553"
302,"Nom_302","Prenom_302"
288,"Nom_288","Prenom_288"
21,"Nom_21","Prenom_21"
622,"Nom_622","Prenom_622"
927,"Nom_927","Prenom_927"
1027,"Nom_1027","Prenom_1027"
1479,"Nom_1479","Prenom_1479"
774,"Nom_774","Prenom_774"
1385,"Nom_1385","Prenom_1385"
398,"Nom_398","Prenom_398"
635,"Nom_635","Prenom_635"
388,"Nom_388","Prenom_388"
1233,"Nom_1233","Prenom_1233"
165,"Nom_165","Prenom_165"
56,"Nom_56","Prenom_56"
151,"Nom_151","Prenom_151"
1346,"Nom_1346","Prenom_1346"
820,"Nom_820","Prenom_820"
1267,"Nom_1267","Prenom_1267"
992,"Nom_992","Prenom_992"
620,"Nom_620","Prenom_620"
894,"Nom_894","Prenom_894"
1357,"Nom_1357","Prenom_1357"
245,"Nom_245","Prenom_245"
205,"Nom_205","Prenom_205"
67,"Nom_67","Prenom_67"
1326,"Nom_1326","Prenom_1326"
1020,"Nom_1020","Prenom_1020"
325,"Nom_325","Prenom_325"
895,"Nom_895","Prenom_895"
673,"Nom_673","Prenom_673"
1127,"Nom_1127","Prenom_1127"
1377,"Nom_1377","Prenom_1377"
1060,"Nom_1060","Prenom_1060"
783,"Nom_783","Prenom_783"
1017,"Nom_1017","Prenom_1017"
484,"Nom_484","Prenom_484"
334,"Nom_334","Prenom_334"
558,"Nom_558","Prenom_558"
144,"Nom_144","Prenom_144"
1071,"Nom_1071","Prenom_1071"
540,"Nom_540","Prenom_540"
1224,"Nom_1224","Prenom_1224"
168,"Nom_168","Prenom_168"
471,"Nom_471","Prenom_471"
598,"Nom_598","Prenom_598"
1051,"Nom_1051","Prenom_1051"
1424,"Nom_1424","Prenom_1424"
287,"Nom_287","Prenom_287"
464,"Nom_464","Prenom_464"
1109,"Nom_1109","Prenom_1109"
167,"Nom_167","Prenom_167"
277,"Nom_277","Prenom_277"
290,"Nom_290","Prenom_290"
300,"Nom_300","Prenom_300"
1352,"Nom_1352","Prenom_1352"
284,"Nom_284","Prenom_284"
662,"Nom_662","Prenom_662"
1254,"Nom_1254","Prenom_1254"
342,"Nom_342","Prenom_342"
1133,"Nom_1133","Prenom_1133"
1441,"Nom_1441","Prenom_1441"
1271,"Nom_1271","Prenom_1271"
1035,"Nom_1035","Prenom_1035"
367,"Nom_367","Prenom_367"
1073,"Nom_1073","Prenom_1073"
588,"Nom_588","Prenom_588"
1019,"Nom_1019","Prenom_1019"
41,"Nom_41","Prenom_41"
439,"Nom_439","Prenom_439"
46,"Nom_46","Prenom_46"
206,"Nom_206","Prenom_206"
1389,"Nom_1389","Prenom_1389"
586,"Nom_586","Prenom_586"
572,"Nom_572","Prenom_572"
53,"Nom_53","Prenom_53"
32,"Nom_32","Prenom_32"
336,"Nom_336","Prenom_336"
275,"Nom_275","Prenom_275"
247,"Nom_247","Prenom_247"
260,"Nom_260","Prenom_260"
1412,"Nom_1412","Prenom_1412"
423,"Nom_423","Prenom_423"
1240,"Nom_1240","Prenom_1240"
136,"Nom_136","Prenom_136"
139,"Nom_139","Prenom_139"
1459,"Nom_1459","Prenom_1459"
1182,"Nom_1182","Prenom_1182"
411,"Nom_411","Prenom_411"
869,"Nom_869","Prenom_869"
1033,"Nom_1033","Prenom_1033"
864,"Nom_864","Prenom_864"
425,"Nom_425","Prenom_425"
1499,"Nom_1499","Prenom_1499"
672,"Nom_672","Prenom_672"
825,"Nom_825","Prenom_825"
1454,"Nom_1454","Prenom_1454"
316,"Nom_316","Prenom_316"
1040,"Nom_1040","Prenom_1040"
403,"Nom_403","Prenom_403"
731,"Nom_731","Prenom_731"
1282,"Nom_1282","Prenom_1282"
256,"Nom_256","Prenom_256"
654,"Nom_654","Prenom_654"
332,"Nom_332","Prenom_332"
1350,"Nom_1350","Prenom_1350"
628,"Nom_628","Prenom_628"
33,"Nom_33","Prenom_33"
422,"Nom_422","Prenom_422"
885,"Nom_885","Prenom_885"
549,"Nom_549","Prenom_549"
185,"Nom_185","Prenom_185"
380,"Nom_380","Prenom_380"
215,"Nom_215","Prenom_215"
653,"Nom_653","Prenom_653"
1107,"Nom_1107","Prenom_1107"
1275,"Nom_1275","Prenom_1275"
130,"Nom_130","Prenom_130"
1339,"Nom_1339","Prenom_1339"
1157,"Nom_1157","Prenom_1157"
23,"Nom_23","Prenom_23"
1465,"Nom_1465","Prenom_1465"
612,"Nom_612","Prenom_612"
486,"Nom_486","Prenom_486"
625,"Nom_625","Prenom_625"
1155,"Nom_1155","Prenom_1155"
617,"Nom_617","Prenom_617"
765,"Nom_765","Prenom_765"
1277,"Nom_1277","Prenom_1277"
552,"Nom_552","Prenom_552"
887,"Nom_887","Prenom_887"
959,"Nom_959","Prenom_959"
819,"Nom_819","Prenom_819"
314,"Nom_314","Prenom_314"
817,"Nom_817","Prenom_817"
386,"Nom_386","Prenom_386"
426,"Nom_426","Prenom_426"
1274,"Nom_1274","Prenom_1274"
364,"Nom_364","Prenom_364"
433,"Nom_433","Prenom_433"
1187,"Nom_1187","Prenom_1187"
877,"Nom_877","Prenom_877"
299,"Nom_299","Prenom_299"
169,"Nom_169","Prenom_169"
1113,"Nom_1113","Prenom_1113"
1123,"Nom_1123","Prenom_1123"
345,"Nom_345","Prenom_345"
92,"Nom_92","Prenom_92"
605,"Nom_605","Prenom_605"
1317,"Nom_1317","Prenom_1317"
541,"Nom_541","Prenom_541"
660,"Nom_660","Prenom_660"
971,"Nom_971","Prenom_971"
910,"Nom_910","Prenom_910"
437,"Nom_437","Prenom_437"
236,"Nom_236","Prenom_236"
941,"Nom_941","Prenom_941"
957,"Nom_957","Prenom_957"
998,"Nom_998","Prenom_998"
949,"Nom_949","Prenom_949"
1065,"Nom_1065","Prenom_1065"
197,"Nom_197","Prenom_197"
135,"Nom_135","Prenom_135"
493,"Nom_493","Prenom_493"
999,"Nom_999","Prenom_999"
454,"Nom_454","Prenom_454"
707,"Nom_707","Prenom_707"
1064,"Nom_1064","Prenom_1064"
665,"Nom_665","Prenom_665"
759,"Nom_759","Prenom_759"
1193,"Nom_1193","Prenom_1193"
482,"Nom_482","Prenom_482"
879,"Nom_879","Prenom_879"
227,"Nom_227","Prenom_227"
500,"Nom_500","Prenom_500"
1204,"Nom_1204","Prenom_1204"
73,"Nom_73","Prenom_73"
311,"Nom_311","Prenom_311"
103,"Nom_103","Prenom_103"
1169,"Nom_1169","Prenom_1169"
1252,"Nom_1252","Prenom_1252"
1171,"Nom_1171","Prenom_1171"
1138,"Nom_1138","Prenom_1138"
1236,"Nom_1236","Prenom_1236"
1085,"Nom_1085","Prenom_1085"
875,"Nom_875","Prenom_875"
239,"Nom_239","Prenom_239"
121,"Nom_121","Prenom_121"
1353,"Nom_1353","Prenom_1353"
420,"Nom_420","Prenom_420"
1255,"Nom_1255","Prenom_1255"
1438,"Nom_1438","Prenom_1438"
1407,"Nom_1407","Prenom_1407"
561,"Nom_561","Prenom_561"
845,"Nom_845","Prenom_845"
1322,"Nom_1322","Prenom_1322"
755,"Nom_755","Prenom_755"
1184,"Nom_1184","Prenom_1184"
1031,"Nom_1031","Prenom_1031"
196,"Nom_196","Prenom_196"
291,"Nom_291","Prenom_291"
15,"Nom_15","Prenom_15"
1069,"Nom_1069","Prenom_1069"
1361,"Nom_1361","Prenom_1361"
859,"Nom_859","Prenom_859"
842,"Nom_842","Prenom_842"
1129,"Nom_1129","Prenom_1129"
767,"Nom_767","Prenom_767"
61,"Nom_61","Prenom_61"
1367,"Nom_1367","Prenom_1367"
244,"Nom_244","Prenom_244"
1043,"Nom_1043","Prenom_1043"
602,"Nom_602","Prenom_602"
1192,"Nom_1192","Prenom_1192"
1088,"Nom_1088","Prenom_1088"
691,"Nom_691","Prenom_691"
1124,"Nom_1124","Prenom_1124"
468,"Nom_468","Prenom_468"
697,"Nom_697","Prenom_697"
721,"Nom_721","Prenom_721"
1243,"Nom_1243","Prenom_1243"
251,"Nom_251","Prenom_251"
1100,"Nom_1100","Prenom_1100"
705,"Nom_705","Prenom_705"
104,"Nom_104","Prenom_104"
1270,"Nom_1270","Prenom_1270"
1436,"Nom_1436","Prenom_1436"
960,"Nom_960","Prenom_960"
171,"Nom_171","Prenom_171"
1032,"Nom_1032","Prenom_1032"
397,"Nom_397","Prenom_397"
604,"Nom_604","Prenom_604"
427,"Nom_427","Prenom_427"
786,"Nom_786","Prenom_786"
347,"Nom_347","Prenom_347"
179,"Nom_179","Prenom_179"
562,"Nom_562","Prenom_562"
1455,"Nom_1455","Prenom_1455"
636,"Nom_636","Prenom_636"
1228,"Nom_1228","Prenom_1228"
321,"Nom_321","Prenom_321"
105,"Nom_105","Prenom_105"
1387,"Nom_1387","Prenom_1387"
402,"Nom_402","Prenom_402"
804,"Nom_804","Prenom_804"
445,"Nom_445","Prenom_445"
866,"Nom_866","Prenom_866"
889,"Nom_889","Prenom_889"
1487,"Nom_1487","Prenom_1487"
991,"Nom_991","Prenom_991"
1391,"Nom_1391","Prenom_1391"
467,"Nom_467","Prenom_467"
776,"Nom_776","Prenom_776"
327,"Nom_327","Prenom_327"
253,"Nom_253","Prenom_253"
14,"Nom_14","Prenom_14"
581,"Nom_581","Prenom_581"
1369,"Nom_1369","Prenom_1369"
692,"Nom_692","Prenom_692"
1177,"Nom_1177","Prenom_1177"
1121,"Nom_1121","Prenom_1121"
109,"Nom_109","Prenom_109"
133,"Nom_133","Prenom_133"
1343,"Nom_1343","Prenom_1343"
724,"Nom_724","Prenom_724"
1134,"Nom_1134","Prenom_1134"
1222,"Nom_1222","Prenom_1222"
1237,"Nom_1237","Prenom_1237"
1323,"Nom_1323","Prenom_1323"
372,"Nom_372","Prenom_372"
1358,"Nom_1358","Prenom_1358"
339,"Nom_339","Prenom_339"
600,"Nom_600","Prenom_600"
772,"Nom_772","Prenom_772"
335,"Nom_335","Prenom_335"
591,"Nom_591","Prenom_591"
603,"Nom_603","Prenom_603"
383,"Nom_383","Prenom_383"
808,"Nom_808","Prenom_808"
7,"Nom_7","Prenom_7"
301,"Nom_301","Prenom_301"
1011,"Nom_1011","Prenom_1011"
757,"Nom_757","Prenom_757"
771,"Nom_771","Prenom_771"
827,"Nom_827","Prenom_827"
254,"Nom_254","Prenom_254"
1360,"Nom_1360","Prenom_1360"
377,"Nom_377","Prenom_377"
1497,"Nom_1497","Prenom_1497"
952,"Nom_952","Prenom_952"
159,"Nom_159","Prenom_159"
1402,"Nom_1402","Prenom_1402"
1399,"Nom_1399","Prenom_1399"
432,"Nom_432","Prenom_432"
986,"Nom_986","Prenom_986"
857,"Nom_857","Prenom_857"
619,"Nom_619","Prenom_619"
890,"Nom_890","Prenom_890"
1214,"Nom_1214","Prenom_1214"
20,"Nom_20","Prenom_20"
1394,"Nom_1394","Prenom_1394"
1061,"Nom_1061","Prenom_1061"
1347,"Nom_1347","Prenom_1347"
1341,"Nom_1341","Prenom_1341"
319,"Nom_319","Prenom_319"
1,"Nom_1","Prenom_1"
1417,"Nom_1417","Prenom_1417"
76,"Nom_76","Prenom_76"
1074,"Nom_1074","Prenom_1074"
517,"Nom_517","Prenom_517"
1111,"Nom_1111","Prenom_1111"
1082,"Nom_1082","Prenom_1082"
129,"Nom_129","Prenom_129"
1392,"Nom_1392","Prenom_1392"
203,"Nom_203","Prenom_203"
789,"Nom_789","Prenom_789"
1181,"Nom_1181","Prenom_1181"
346,"Nom_346","Prenom_346"
71,"Nom_71","Prenom_71"
267,"Nom_267","Prenom_267"
68,"Nom_68","Prenom_68"
1002,"Nom_1002","Prenom_1002"
773,"Nom_773","Prenom_773"
1491,"Nom_1491","Prenom_1491"
1023,"Nom_1023","Prenom_1023"
80,"Nom_80","Prenom_80"
146,"Nom_146","Prenom_146"
1172,"Nom_1172","Prenom_1172"
861,"Nom_861","Prenom_861"
1208,"Nom_1208","Prenom_1208"
511,"Nom_511","Prenom_511"
162,"Nom_162","Prenom_162"
1351,"Nom_1351","Prenom_1351"
738,"Nom_738","Prenom_738"
797,"Nom_797","Prenom_797"
1183,"Nom_1183","Prenom_1183"
582,"Nom_582","Prenom_582"
1095,"Nom_1095","Prenom_1095"
1333,"Nom_1333","Prenom_1333"
1034,"Nom_1034","Prenom_1034"
943,"Nom_943","Prenom_943"
1386,"Nom_1386","Prenom_1386"
330,"Nom_330","Prenom_330"
751,"Nom_751","Prenom_751"
237,"Nom_237","Prenom_237"
1220,"Nom_1220","Prenom_1220"
451,"Nom_451","Prenom_451"
262,"Nom_262","Prenom_262"
1466,"Nom_1466","Prenom_1466"
323,"Nom_323","Prenom_323"
348,"Nom_348","Prenom_348"
337,"Nom_337","Prenom_337"
1363,"Nom_1363","Prenom_1363"
504,"Nom_504","Prenom_504"
238,"Nom_238","Prenom_238"
399,"Nom_399","Prenom_399"
112,"Nom_112","Prenom_112"
560,"Nom_560","Prenom_560"
547,"Nom_547","Prenom_547"
818,"Nom_818","Prenom_818"
613,"Nom_613","Prenom_613"
268,"Nom_268","Prenom_268"
1042,"Nom_1042","Prenom_1042"
737,"Nom_737","Prenom_737"
1404,"Nom_1404","Prenom_1404"
569,"Nom_569","Prenom_569"
124,"Nom_124","Prenom_124"
452,"Nom_452","Prenom_452"
615,"Nom_615","Prenom_615"
798,"Nom_798","Prenom_798"
830,"Nom_830","Prenom_830"
200,"Nom_200","Prenom_200"
1482,"Nom_1482","Prenom_1482"
988,"Nom_988","Prenom_988"
1340,"Nom_1340","Prenom_1340"
964,"Nom_964","Prenom_964"
601,"Nom_601","Prenom_601"
590,"Nom_590","Prenom_590"
82,"Nom_82","Prenom_82"
990,"Nom_990","Prenom_990"
1396,"Nom_1396","Prenom_1396"
202,"Nom_202","Prenom_202"
685,"Nom_685","Prenom_685"
905,"Nom_905","Prenom_905"
1379,"Nom_1379","Prenom_1379"
973,"Nom_973","Prenom_973"
79,"Nom_79","Prenom_79"
610,"Nom_610","Prenom_610"
1425,"Nom_1425","Prenom_1425"
678,"Nom_678","Prenom_678"
812,"Nom_812","Prenom_812"
510,"Nom_510","Prenom_510"
1390,"Nom_1390","Prenom_1390"
579,"Nom_579","Prenom_579"
1448,"Nom_1448","Prenom_1448"
1176,"Nom_1176","Prenom_1176"
1186,"Nom_1186","Prenom_1186"
198,"Nom_198","Prenom_198"
17,"Nom_17","Prenom_17"
212,"Nom_212","Prenom_212"
28,"Nom_28","Prenom_28"
1116,"Nom_1116","Prenom_1116"
1290,"Nom_1290","Prenom_1290"
1089,"Nom_1089","Prenom_1089"
1380,"Nom_1380","Prenom_1380"
404,"Nom_404","Prenom_404"
1070,"Nom_1070","Prenom_1070"
1147,"Nom_1147","Prenom_1147"
720,"Nom_720","Prenom_720"
917,"Nom_917","Prenom_917"
997,"Nom_997","Prenom_997"
489,"Nom_489","Prenom_489"
1029,"Nom_1029","Prenom_1029"
1280,"Nom_1280","Prenom_1280"
515,"Nom_515","Prenom_515"
1068,"Nom_1068","Prenom_1068"
1256,"Nom_1256","Prenom_1256"
1000,"Nom_1000","Prenom_1000"
616,"Nom_616","Prenom_616"
1245,"Nom_1245","Prenom_1245"
1211,"Nom_1211","Prenom_1211"
83,"Nom_83","Prenom_83"
1393,"Nom_1393","Prenom_1393"
706,"Nom_706","Prenom_706"
63,"Nom_63","Prenom_63"
1230,"Nom_1230","Prenom_1230"
571,"Nom_571","Prenom_571"
516,"Nom_516","Prenom_516"
666,"Nom_666","Prenom_666"
395,"Nom_395","Prenom_395"
1423,"Nom_1423","Prenom_1423"
542,"Nom_542","Prenom_542"
216,"Nom_216","Prenom_216"
956,"Nom_956","Prenom_956"
1294,"Nom_1294","Prenom_1294"
882,"Nom_882","Prenom_882"
295,"Nom_295","Prenom_295"
958,"Nom_958","Prenom_958"
694,"Nom_694","Prenom_694"
213,"Nom_213","Prenom_213"
955,"Nom_955","Prenom_955"
274,"Nom_274","Prenom_274"
1114,"Nom_1114","Prenom_1114"
1304,"Nom_1304","Prenom_1304"
163,"Nom_163","Prenom_163"
801,"Nom_801","Prenom_801"
1302,"Nom_1302","Prenom_1302"
1103,"Nom_1103","Prenom_1103"
669,"Nom_669","Prenom_669"
833,"Nom_833","Prenom_833"
223,"Nom_223","Prenom_223"
352,"Nom_352","Prenom_352"
1244,"Nom_1244","Prenom_1244"
362,"Nom_362","Prenom_362"
221,"Nom_221","Prenom_221"
752,"Nom_752","Prenom_752"
1013,"Nom_1013","Prenom_1013"
688,"Nom_688","Prenom_688"
1207,"Nom_1207","Prenom_1207"
1288,"Nom_1288","Prenom_1288"
594,"Nom_594","Prenom_594"
460,"Nom_460","Prenom_460"
499,"Nom_499","Prenom_499"
265,"Nom_265","Prenom_265"
111,"Nom_111","Prenom_111"
851,"Nom_851","Prenom_851"
1093,"Nom_1093","Prenom_1093"
1076,"Nom_1076","Prenom_1076"
16,"Nom_16","Prenom_16"
968,"Nom_968","Prenom_968"
62,"Nom_62","Prenom_62"
893,"Nom_893","Prenom_893"
1318,"Nom_1318","Prenom_1318"
326,"Nom_326","Prenom_326"
993,"Nom_993","Prenom_993"
568,"Nom_568","Prenom_568"
371,"Nom_371","Prenom_371"
805,"Nom_805","Prenom_805"
655,"Nom_655","Prenom_655"
1327,"Nom_1327","Prenom_1327"
1139,"Nom_1139","Prenom_1139"
413,"Nom_413","Prenom_413"
1450,"Nom_1450","Prenom_1450"
649,"Nom_649","Prenom_649"
100,"Nom_100","Prenom_100"
183,"Nom_183","Prenom_183"
925,"Nom_925","Prenom_925"
1223,"Nom_1223","Prenom_1223"
1225,"Nom_1225","Prenom_1225"
150,"Nom_150","Prenom_150"
656,"Nom_656","Prenom_656"
1342,"Nom_1342","Prenom_1342"
421,"Nom_421","Prenom_421"
429,"Nom_429","Prenom_429"
835,"Nom_835","Prenom_835"
1498,"Nom_1498","Prenom_1498"
25,"Nom_25","Prenom_25"
141,"Nom_141","Prenom_141"
122,"Nom_122","Prenom_122"
1355,"Nom_1355","Prenom_1355"
648,"Nom_648","Prenom_648"
570,"Nom_570","Prenom_570"
923,"Nom_923","Prenom_923"
1026,"Nom_1026","Prenom_1026"
434,"Nom_434","Prenom_434"
995,"Nom_995","Prenom_995"
211,"Nom_211","Prenom_211"
1320,"Nom_1320","Prenom_1320"
1420,"Nom_1420","Prenom_1420"
901,"Nom_901","Prenom_901"
1191,"Nom_1191","Prenom_1191"
1014,"Nom_1014","Prenom_1014"
1125,"Nom_1125","Prenom_1125"
530,"Nom_530","Prenom_530"
536,"Nom_536","Prenom_536"
928,"Nom_928","Prenom_928"
465,"Nom_465","Prenom_465"
449,"Nom_449","Prenom_449"
520,"Nom_520","Prenom_520"
64,"Nom_64","Prenom_64"
1421,"Nom_1421","Prenom_1421"
55,"Nom_55","Prenom_55"
148,"Nom_148","Prenom_148"
790,"Nom_790","Prenom_790"
828,"Nom_828","Prenom_828"
