"nom","nom_departement","performance"
"Nom_675","Ressources Humaines",50
"Nom_1189","Informatique",50
"Nom_927","Direction Générale",50
"Nom_908","Ventes",50
"Nom_1096","Juridique",50
"Nom_327","Data & Analytics",50
"Nom_358","Ressources Humaines",50
"Nom_990","Service Client",50
"Nom_1122","Juridique",50
"Nom_799","Informatique",50
"Nom_458","Ressources Humaines",50
"Nom_1484","Informatique",50
"Nom_1184","Direction Générale",50
"Nom_409","Ventes",50
"Nom_522","Marketing",50
"Nom_382","Marketing",50
"Nom_1021","Marketing",50
"Nom_1314","Informatique",50
"Nom_131","Data & Analytics",50
"Nom_166","Ressources Humaines",50
"Nom_587","Service Client",50
"Nom_385","Data & Analytics",50
"Nom_1457","Data & Analytics",50
"Nom_194","Data & Analytics",50
"Nom_746","Direction Générale",50
"Nom_387","Ressources Humaines",50
"Nom_652","Finance",50
"Nom_410","Informatique",50
"Nom_565","Ressources Humaines",50
"Nom_1143","Juridique",50
"Nom_339","Marketing",50
"Nom_484","Direction Générale",50
"Nom_504","Ventes",50
"Nom_1300","Service Client",50
"Nom_1309","Informatique",50
"Nom_895","Direction Générale",50
"Nom_1489","Ventes",50
"Nom_218","Direction Générale",50
"Nom_371","Service Client",50
"Nom_626","Ressources Humaines",50
"Nom_172","Finance",50
"Nom_835","Direction Générale",50
"Nom_83","Opérations",50
"Nom_1182","Ressources Humaines",50
"Nom_558","Marketing",50
"Nom_872","Ventes",50
"Nom_611","Juridique",50
"Nom_1268","Finance",50
"Nom_421","Ressources Humaines",50
"Nom_1485","Informatique",50
"Nom_945","Opérations",50
"Nom_1230","Service Client",50
"Nom_994","Juridique",50
"Nom_379","Ressources Humaines",50
"Nom_579","Informatique",50
"Nom_933","Finance",50
"Nom_556","Ventes",50
"Nom_662","Opérations",50
"Nom_762","Marketing",50
"Nom_552","Finance",50
"Nom_334","Data & Analytics",50
"Nom_649","Finance",50
"Nom_1083","Data & Analytics",50
"Nom_580","Finance",50
"Nom_645","Ventes",50
"Nom_359","Opérations",50
"Nom_438","Informatique",50
"Nom_1090","Opérations",50
"Nom_1102","Direction Générale",50
"Nom_885","Service Client",50
"Nom_86","Data & Analytics",50
"Nom_384","Opérations",50
"Nom_1474","Direction Générale",50
"Nom_1053","Service Client",50
"Nom_1278","Direction Générale",50
"Nom_1313","Ventes",50
"Nom_1064","Data & Analytics",50
"Nom_251","Data & Analytics",50
"Nom_1357","Finance",50
"Nom_1364","Direction Générale",50
"Nom_114","Juridique",50
"Nom_1162","Ventes",50
"Nom_808","Informatique",50
"Nom_1339","Ressources Humaines",50
"Nom_601","Service Client",50
"Nom_1068","Service Client",50
"Nom_398","Finance",50
"Nom_149","Informatique",50
"Nom_777","Service Client",50
"Nom_1362","Data & Analytics",50
"Nom_96","Ventes",50
"Nom_877","Finance",50
"Nom_158","Finance",50
"Nom_163","Juridique",50
"Nom_599","Informatique",50
"Nom_244","Opérations",50
"Nom_1445","Ventes",50
"Nom_1403","Informatique",50
"Nom_1008","Informatique",50
"Nom_232","Service Client",50
"Nom_1305","Ventes",50
"Nom_1338","Ressources Humaines",50
"Nom_1295","Opérations",50
"Nom_659","Finance",50
"Nom_470","Data & Analytics",50
"Nom_447","Ressources Humaines",50
"Nom_751","Direction Générale",50
"Nom_1382","Finance",50
"Nom_731","Juridique",50
"Nom_1121","Marketing",50
"Nom_813","Direction Générale",50
"Nom_1447","Marketing",50
"Nom_647","Opérations",50
"Nom_1456","Informatique",50
"Nom_562","Juridique",50
"Nom_633","Opérations",50
"Nom_1264","Ventes",50
"Nom_271","Juridique",50
"Nom_1058","Marketing",50
"Nom_1256","Data & Analytics",50
"Nom_223","Informatique",50
"Nom_85","Juridique",50
"Nom_596","Opérations",50
"Nom_1075","Informatique",50
"Nom_1359","Data & Analytics",50
"Nom_1174","Data & Analytics",50
"Nom_509","Ressources Humaines",50
"Nom_1237","Ressources Humaines",50
"Nom_1151","Ressources Humaines",50
"Nom_922","Ventes",50
"Nom_851","Service Client",50
"Nom_360","Informatique",50
"Nom_102","Opérations",50
"Nom_121","Data & Analytics",50
"Nom_144","Juridique",50
"Nom_615","Juridique",50
"Nom_1422","Opérations",50
"Nom_1487","Ventes",50
"Nom_947","Juridique",50
"Nom_1368","Juridique",50
"Nom_736","Informatique",50
"Nom_1325","Informatique",50
"Nom_570","Ventes",50
"Nom_1141","Direction Générale",50
"Nom_31","Ventes",50
"Nom_1006","Service Client",50
"Nom_395","Finance",50
"Nom_710","Juridique",50
"Nom_604","Ventes",50
"Nom_917","Marketing",50
"Nom_949","Juridique",50
"Nom_503","Ressources Humaines",50
"Nom_299","Ventes",50
"Nom_302","Finance",50
"Nom_300","Informatique",50
"Nom_1395","Opérations",50
"Nom_430","Data & Analytics",50
"Nom_1494","Service Client",50
"Nom_443","Direction Générale",50
"Nom_568","Direction Générale",50
"Nom_277","Opérations",50
"Nom_463","Informatique",50
"Nom_268","Informatique",50
"Nom_683","Juridique",50
"Nom_1258","Data & Analytics",50
"Nom_265","Marketing",50
"Nom_1499","Marketing",50
"Nom_1208","Marketing",50
"Nom_1146","Data & Analytics",50
"Nom_829","Ressources Humaines",50
"Nom_330","Ventes",50
"Nom_1034","Juridique",50
"Nom_1451","Finance",50
"Nom_624","Service Client",50
"Nom_1000","Opérations",50
"Nom_1144","Ressources Humaines",50
"Nom_713","Ressources Humaines",50
"Nom_1333","Opérations",50
"Nom_473","Ressources Humaines",50
"Nom_715","Direction Générale",50
"Nom_595","Ressources Humaines",50
"Nom_1392","Ventes",50
"Nom_898","Juridique",50
"Nom_1138","Finance",50
"Nom_827","Informatique",50
"Nom_221","Ventes",50
"Nom_151","Marketing",50
"Nom_1072","Informatique",50
"Nom_140","Ventes",50
"Nom_843","Direction Générale",50
"Nom_717","Ventes",50
"Nom_192","Marketing",50
"Nom_524","Data & Analytics",50
"Nom_974","Data & Analytics",50
"Nom_448","Opérations",50
"Nom_418","Direction Générale",50
"Nom_1167","Juridique",50
"Nom_70","Data & Analytics",50
"Nom_842","Opérations",50
"Nom_422","Juridique",50
"Nom_1253","Marketing",50
"Nom_208","Data & Analytics",50
"Nom_670","Ventes",50
"Nom_1062","Data & Analytics",50
"Nom_112","Ventes",50
"Nom_1381","Marketing",50
"Nom_169","Ressources Humaines",50
"Nom_1459","Ressources Humaines",50
"Nom_906","Ressources Humaines",50
"Nom_78","Informatique",50
"Nom_501","Ressources Humaines",50
"Nom_1378","Data & Analytics",50
"Nom_862","Service Client",50
"Nom_944","Informatique",50
"Nom_180","Ressources Humaines",50
"Nom_803","Ventes",50
"Nom_336","Direction Générale",50
"Nom_819","Opérations",50
"Nom_817","Marketing",50
"Nom_446","Data & Analytics",50
"Nom_1145","Data & Analytics",50
"Nom_366","Service Client",50
"Nom_1204","Opérations",50
"Nom_1179","Ressources Humaines",50
"Nom_863","Data & Analytics",50
"Nom_1098","Ventes",50
"Nom_1193","Direction Générale",50
"Nom_254","Finance",50
"Nom_688","Direction Générale",50
"Nom_108","Marketing",50
"Nom_1206","Marketing",50
"Nom_709","Finance",50
"Nom_689","Direction Générale",50
"Nom_119","Marketing",50
"Nom_1477","Direction Générale",50
"Nom_27","Direction Générale",50
"Nom_1073","Marketing",50
"Nom_648","Informatique",50
"Nom_679","Informatique",50
"Nom_39","Opérations",50
"Nom_411","Opérations",50
"Nom_530","Data & Analytics",50
"Nom_928","Marketing",50
"Nom_1428","Ventes",50
"Nom_490","Marketing",50
"Nom_454","Data & Analytics",50
"Nom_1397","Direction Générale",50
"Nom_541","Marketing",50
"Nom_1046","Informatique",50
"Nom_531","Informatique",50
"Nom_725","Ventes",50
"Nom_1142","Ventes",50
"Nom_1296","Direction Générale",50
"Nom_457","Ressources Humaines",50
"Nom_445","Ventes",50
"Nom_235","Data & Analytics",50
"Nom_1442","Juridique",50
"Nom_643","Finance",50
"Nom_1024","Ressources Humaines",50
"Nom_1078","Data & Analytics",50
"Nom_1285","Juridique",50
"Nom_726","Marketing",50
"Nom_1318","Ressources Humaines",50
"Nom_141","Informatique",50
"Nom_1227","Service Client",50
"Nom_545","Marketing",50
"Nom_1458","Marketing",50
"Nom_516","Direction Générale",50
"Nom_1415","Finance",50
"Nom_809","Juridique",50
"Nom_1218","Finance",50
"Nom_286","Data & Analytics",50
"Nom_1160","Opérations",50
"Nom_1423","Data & Analytics",50
"Nom_669","Service Client",50
"Nom_821","Ventes",50
"Nom_95","Data & Analytics",50
"Nom_167","Marketing",50
"Nom_181","Opérations",50
"Nom_499","Finance",50
"Nom_1330","Ventes",50
"Nom_1433","Service Client",50
"Nom_771","Service Client",50
"Nom_682","Juridique",50
"Nom_1069","Juridique",50
"Nom_965","Finance",50
"Nom_1262","Service Client",50
"Nom_40","Opérations",50
"Nom_210","Opérations",50
"Nom_1117","Marketing",50
"Nom_440","Juridique",50
"Nom_1040","Finance",50
"Nom_536","Ventes",50
"Nom_309","Service Client",50
"Nom_36","Informatique",50
"Nom_338","Marketing",50
"Nom_403","Service Client",50
"Nom_474","Data & Analytics",50
"Nom_985","Marketing",50
"Nom_42","Direction Générale",50
"Nom_486","Finance",50
"Nom_1211","Informatique",50
"Nom_51","Data & Analytics",50
"Nom_1039","Ventes",50
"Nom_783","Juridique",50
"Nom_419","Marketing",50
"Nom_671","Service Client",50
"Nom_1016","Direction Générale",50
"Nom_492","Marketing",50
"Nom_375","Finance",50
"Nom_48","Data & Analytics",50
"Nom_544","Opérations",50
"Nom_396","Informatique",50
"Nom_608","Direction Générale",51
"Nom_134","Marketing",51
"Nom_651","Ventes",51
"Nom_1215","Data & Analytics",51
"Nom_1289","Informatique",51
"Nom_1014","Ressources Humaines",51
"Nom_748","Juridique",51
"Nom_555","Marketing",51
"Nom_1169","Finance",51
"Nom_823","Data & Analytics",51
"Nom_416","Ressources Humaines",51
"Nom_214","Ressources Humaines",51
"Nom_68","Ressources Humaines",51
"Nom_940","Finance",51
"Nom_792","Finance",51
"Nom_1107","Marketing",51
"Nom_113","Informatique",51
"Nom_528","Informatique",51
"Nom_1246","Ventes",51
"Nom_1100","Marketing",51
"Nom_508","Juridique",51
"Nom_184","Informatique",51
"Nom_348","Juridique",51
"Nom_253","Opérations",51
"Nom_1413","Marketing",51
"Nom_266","Data & Analytics",51
"Nom_1306","Data & Analytics",51
"Nom_1229","Finance",51
"Nom_692","Ventes",51
"Nom_30","Finance",51
"Nom_553","Ventes",51
"Nom_333","Opérations",51
"Nom_428","Ventes",51
"Nom_1420","Ventes",51
"Nom_1419","Direction Générale",51
"Nom_482","Direction Générale",51
"Nom_1421","Direction Générale",51
"Nom_104","Ressources Humaines",51
"Nom_825","Informatique",51
"Nom_117","Service Client",51
"Nom_178","Juridique",51
"Nom_886","Marketing",51
"Nom_987","Direction Générale",51
"Nom_1263","Informatique",51
"Nom_404","Informatique",51
"Nom_681","Informatique",51
"Nom_1003","Informatique",51
"Nom_812","Ventes",51
"Nom_529","Finance",51
"Nom_69","Direction Générale",51
"Nom_1057","Marketing",51
"Nom_288","Opérations",51
"Nom_1104","Service Client",51
"Nom_91","Juridique",51
"Nom_1337","Juridique",51
"Nom_1190","Data & Analytics",51
"Nom_1292","Juridique",51
"Nom_697","Data & Analytics",51
"Nom_1234","Data & Analytics",51
"Nom_274","Informatique",51
"Nom_305","Service Client",51
"Nom_1007","Ressources Humaines",51
"Nom_733","Data & Analytics",51
"Nom_1217","Service Client",51
"Nom_465","Ressources Humaines",51
"Nom_295","Data & Analytics",51
"Nom_973","Ressources Humaines",51
"Nom_250","Juridique",51
"Nom_431","Informatique",51
"Nom_1210","Opérations",51
"Nom_301","Ventes",51
"Nom_325","Opérations",51
"Nom_807","Marketing",51
"Nom_1363","Juridique",51
"Nom_975","Opérations",51
"Nom_1414","Juridique",51
"Nom_741","Informatique",51
"Nom_745","Service Client",51
"Nom_957","Direction Générale",51
"Nom_609","Marketing",51
"Nom_582","Informatique",51
"Nom_658","Ventes",51
"Nom_592","Ressources Humaines",51
"Nom_298","Data & Analytics",51
"Nom_111","Ventes",51
"Nom_292","Data & Analytics",51
"Nom_864","Informatique",51
"Nom_1201","Juridique",51
"Nom_1038","Ressources Humaines",51
"Nom_1384","Finance",51
"Nom_684","Ventes",51
"Nom_903","Opérations",51
"Nom_1411","Ressources Humaines",51
"Nom_526","Ressources Humaines",51
"Nom_1290","Direction Générale",51
"Nom_285","Direction Générale",51
"Nom_436","Direction Générale",51
"Nom_1439","Informatique",51
"Nom_754","Marketing",51
"Nom_296","Service Client",51
"Nom_706","Finance",51
"Nom_1001","Service Client",51
"Nom_464","Ressources Humaines",51
"Nom_1298","Ventes",51
"Nom_939","Ressources Humaines",51
"Nom_1344","Data & Analytics",51
"Nom_543","Marketing",51
"Nom_856","Direction Générale",51
"Nom_912","Juridique",51
"Nom_888","Data & Analytics",51
"Nom_212","Informatique",51
"Nom_477","Marketing",51
"Nom_202","Ressources Humaines",51
"Nom_1147","Juridique",51
"Nom_1483","Ventes",51
"Nom_434","Marketing",51
"Nom_1115","Data & Analytics",51
"Nom_1326","Direction Générale",51
"Nom_625","Informatique",51
"Nom_55","Marketing",51
"Nom_722","Finance",51
"Nom_1275","Ressources Humaines",51
"Nom_1355","Finance",51
"Nom_1205","Informatique",51
"Nom_1082","Direction Générale",51
"Nom_548","Data & Analytics",51
"Nom_124","Service Client",51
"Nom_461","Direction Générale",51
"Nom_769","Marketing",51
"Nom_353","Service Client",51
"Nom_1031","Service Client",51
"Nom_518","Informatique",51
"Nom_1035","Marketing",51
"Nom_128","Ressources Humaines",51
"Nom_1017","Ressources Humaines",51
"Nom_887","Opérations",51
"Nom_450","Finance",51
"Nom_1170","Juridique",51
"Nom_822","Ressources Humaines",51
"Nom_801","Marketing",51
"Nom_1388","Finance",51
"Nom_82","Direction Générale",51
"Nom_1396","Informatique",51
"Nom_602","Finance",51
"Nom_142","Juridique",51
"Nom_272","Juridique",51
"Nom_455","Marketing",51
"Nom_185","Data & Analytics",51
"Nom_475","Ressources Humaines",51
"Nom_606","Ventes",51
"Nom_660","Finance",51
"Nom_233","Juridique",51
"Nom_11","Service Client",51
"Nom_462","Finance",51
"Nom_304","Finance",51
"Nom_137","Data & Analytics",51
"Nom_4","Finance",51
"Nom_1164","Service Client",51
"Nom_220","Service Client",51
"Nom_785","Ventes",51
"Nom_926","Finance",51
"Nom_191","Juridique",51
"Nom_719","Ressources Humaines",51
"Nom_1370","Direction Générale",51
"Nom_698","Marketing",51
"Nom_1361","Juridique",51
"Nom_970","Data & Analytics",51
"Nom_986","Opérations",51
"Nom_1346","Ressources Humaines",51
"Nom_354","Service Client",51
"Nom_1490","Marketing",51
"Nom_612","Opérations",51
"Nom_1301","Service Client",51
"Nom_1026","Ressources Humaines",51
"Nom_1165","Direction Générale",51
"Nom_127","Informatique",51
"Nom_10","Ventes",51
"Nom_631","Marketing",51
"Nom_52","Ventes",51
"Nom_38","Ventes",51
"Nom_635","Juridique",51
"Nom_1312","Finance",51
"Nom_897","Direction Générale",51
"Nom_190","Informatique",51
"Nom_925","Ventes",51
"Nom_911","Juridique",51
"Nom_495","Informatique",51
"Nom_1099","Ventes",51
"Nom_997","Data & Analytics",51
"Nom_523","Service Client",51
"Nom_632","Opérations",51
"Nom_1089","Marketing",51
"Nom_920","Juridique",51
"Nom_29","Marketing",51
"Nom_240","Opérations",51
"Nom_281","Opérations",51
"Nom_834","Data & Analytics",51
"Nom_1033","Juridique",51
"Nom_559","Ressources Humaines",51
"Nom_1171","Juridique",51
"Nom_806","Data & Analytics",51
"Nom_1209","Ventes",51
"Nom_727","Juridique",51
"Nom_768","Ressources Humaines",51
"Nom_870","Opérations",51
"Nom_1087","Ressources Humaines",51
"Nom_1119","Direction Générale",51
"Nom_493","Direction Générale",51
"Nom_1124","Juridique",51
"Nom_996","Direction Générale",51
"Nom_560","Opérations",51
"Nom_1161","Service Client",51
"Nom_805","Ressources Humaines",51
"Nom_620","Direction Générale",51
"Nom_71","Informatique",51
"Nom_742","Marketing",51
"Nom_394","Direction Générale",51
"Nom_437","Finance",51
"Nom_673","Service Client",51
"Nom_538","Opérations",51
"Nom_1051","Informatique",51
"Nom_1010","Data & Analytics",51
"Nom_246","Juridique",51
"Nom_890","Ventes",51
"Nom_791","Service Client",51
"Nom_267","Marketing",51
"Nom_189","Marketing",51
"Nom_60","Direction Générale",51
"Nom_723","Opérations",51
"Nom_1110","Informatique",51
"Nom_640","Opérations",51
"Nom_687","Service Client",51
"Nom_1271","Juridique",51
"Nom_342","Ventes",51
"Nom_1148","Marketing",51
"Nom_774","Finance",51
"Nom_1293","Informatique",51
"Nom_1004","Ressources Humaines",51
"Nom_767","Direction Générale",51
"Nom_941","Ventes",51
"Nom_1166","Service Client",51
"Nom_935","Informatique",51
"Nom_1226","Opérations",51
"Nom_406","Ventes",51
"Nom_1240","Ressources Humaines",51
"Nom_1424","Finance",51
"Nom_1425","Marketing",51
"Nom_412","Finance",51
"Nom_56","Ventes",51
"Nom_749","Opérations",51
"Nom_810","Ressources Humaines",51
"Nom_1241","Ventes",51
"Nom_329","Ressources Humaines",51
"Nom_678","Marketing",51
"Nom_1443","Ressources Humaines",51
"Nom_962","Ressources Humaines",51
"Nom_1304","Juridique",51
"Nom_858","Data & Analytics",51
"Nom_500","Juridique",51
"Nom_1244","Juridique",51
"Nom_1131","Ventes",51
"Nom_1","Juridique",51
"Nom_1094","Marketing",51
"Nom_511","Ventes",51
"Nom_892","Ressources Humaines",51
"Nom_248","Informatique",51
"Nom_1235","Opérations",51
"Nom_259","Service Client",51
"Nom_628","Juridique",51
"Nom_1418","Finance",52
"Nom_24","Ventes",52
"Nom_1225","Service Client",52
"Nom_226","Direction Générale",52
"Nom_234","Informatique",52
"Nom_1250","Juridique",52
"Nom_636","Ressources Humaines",52
"Nom_224","Informatique",52
"Nom_132","Finance",52
"Nom_344","Juridique",52
"Nom_1343","Juridique",52
"Nom_1496","Juridique",52
"Nom_1282","Finance",52
"Nom_1140","Ressources Humaines",52
"Nom_139","Finance",52
"Nom_61","Direction Générale",52
"Nom_480","Informatique",52
"Nom_1308","Data & Analytics",52
"Nom_824","Direction Générale",52
"Nom_115","Service Client",52
"Nom_1371","Finance",52
"Nom_921","Opérations",52
"Nom_1011","Marketing",52
"Nom_800","Ventes",52
"Nom_914","Direction Générale",52
"Nom_1352","Ventes",52
"Nom_550","Informatique",52
"Nom_575","Ressources Humaines",52
"Nom_820","Finance",52
"Nom_1116","Juridique",52
"Nom_1410","Ressources Humaines",52
"Nom_802","Opérations",52
"Nom_1027","Direction Générale",52
"Nom_1427","Finance",52
"Nom_374","Data & Analytics",52
"Nom_752","Service Client",52
"Nom_110","Data & Analytics",52
"Nom_34","Direction Générale",52
"Nom_1127","Service Client",52
"Nom_757","Opérations",52
"Nom_1042","Juridique",52
"Nom_1150","Ventes",52
"Nom_452","Marketing",52
"Nom_485","Informatique",52
"Nom_680","Marketing",52
"Nom_1323","Data & Analytics",52
"Nom_1391","Finance",52
"Nom_1120","Finance",52
"Nom_1434","Ventes",52
"Nom_656","Finance",52
"Nom_476","Finance",52
"Nom_414","Juridique",52
"Nom_904","Data & Analytics",52
"Nom_1500","Service Client",52
"Nom_98","Service Client",52
"Nom_182","Service Client",52
"Nom_323","Ressources Humaines",52
"Nom_1406","Juridique",52
"Nom_1435","Opérations",52
"Nom_999","Ventes",52
"Nom_1372","Data & Analytics",52
"Nom_702","Service Client",52
"Nom_1097","Juridique",52
"Nom_514","Informatique",52
"Nom_738","Ressources Humaines",52
"Nom_766","Marketing",52
"Nom_578","Juridique",52
"Nom_901","Marketing",52
"Nom_1045","Opérations",52
"Nom_1307","Informatique",52
"Nom_1030","Data & Analytics",52
"Nom_915","Ressources Humaines",52
"Nom_1101","Juridique",52
"Nom_310","Ventes",52
"Nom_852","Marketing",52
"Nom_1055","Direction Générale",52
"Nom_699","Opérations",52
"Nom_269","Ressources Humaines",52
"Nom_179","Data & Analytics",52
"Nom_515","Informatique",52
"Nom_964","Finance",52
"Nom_1387","Ressources Humaines",52
"Nom_1405","Ressources Humaines",52
"Nom_1079","Finance",52
"Nom_705","Service Client",52
"Nom_561","Data & Analytics",52
"Nom_73","Service Client",52
"Nom_481","Data & Analytics",52
"Nom_868","Service Client",52
"Nom_910","Ventes",52
"Nom_1203","Ressources Humaines",52
"Nom_489","Direction Générale",52
"Nom_471","Opérations",52
"Nom_405","Data & Analytics",52
"Nom_1277","Ventes",52
"Nom_1332","Marketing",52
"Nom_1386","Direction Générale",52
"Nom_383","Informatique",52
"Nom_1385","Informatique",52
"Nom_381","Finance",52
"Nom_1002","Finance",52
"Nom_8","Juridique",52
"Nom_420","Marketing",52
"Nom_591","Data & Analytics",52
"Nom_502","Data & Analytics",52
"Nom_357","Informatique",52
"Nom_1247","Opérations",52
"Nom_65","Opérations",52
"Nom_256","Ventes",52
"Nom_968","Direction Générale",52
"Nom_125","Marketing",52
"Nom_1302","Ventes",52
"Nom_433","Juridique",52
"Nom_222","Juridique",52
"Nom_1005","Juridique",52
"Nom_721","Opérations",52
"Nom_971","Ressources Humaines",52
"Nom_1252","Ventes",52
"Nom_690","Data & Analytics",52
"Nom_391","Service Client",52
"Nom_613","Informatique",52
"Nom_26","Ressources Humaines",52
"Nom_1175","Data & Analytics",52
"Nom_87","Marketing",52
"Nom_159","Juridique",52
"Nom_505","Data & Analytics",52
"Nom_1155","Data & Analytics",52
"Nom_264","Marketing",52
"Nom_1029","Data & Analytics",52
"Nom_960","Informatique",52
"Nom_228","Juridique",52
"Nom_494","Marketing",52
"Nom_716","Finance",52
"Nom_75","Service Client",52
"Nom_1036","Direction Générale",52
"Nom_884","Juridique",52
"Nom_19","Ventes",52
"Nom_735","Finance",52
"Nom_567","Informatique",52
"Nom_603","Ventes",52
"Nom_517","Finance",52
"Nom_1319","Ventes",52
"Nom_950","Finance",52
"Nom_938","Ressources Humaines",52
"Nom_1168","Ressources Humaines",52
"Nom_401","Juridique",52
"Nom_846","Direction Générale",52
"Nom_1195","Finance",52
"Nom_537","Juridique",52
"Nom_57","Data & Analytics",52
"Nom_1220","Ventes",52
"Nom_718","Ventes",52
"Nom_168","Informatique",52
"Nom_261","Informatique",52
"Nom_1243","Marketing",52
"Nom_255","Juridique",52
"Nom_231","Juridique",52
"Nom_1043","Data & Analytics",52
"Nom_351","Marketing",52
"Nom_724","Juridique",52
"Nom_352","Informatique",52
"Nom_1186","Data & Analytics",52
"Nom_1132","Marketing",52
"Nom_317","Direction Générale",52
"Nom_79","Marketing",52
"Nom_1465","Marketing",52
"Nom_782","Finance",52
"Nom_1358","Informatique",52
"Nom_804","Ventes",52
"Nom_977","Ventes",52
"Nom_1316","Direction Générale",52
"Nom_1446","Marketing",52
"Nom_1269","Direction Générale",52
"Nom_99","Informatique",52
"Nom_100","Informatique",52
"Nom_154","Ressources Humaines",52
"Nom_839","Data & Analytics",52
"Nom_276","Finance",52
"Nom_563","Direction Générale",52
"Nom_980","Marketing",52
"Nom_879","Service Client",52
"Nom_919","Data & Analytics",52
"Nom_472","Ventes",52
"Nom_1470","Service Client",52
"Nom_319","Informatique",52
"Nom_830","Ventes",52
"Nom_755","Marketing",52
"Nom_663","Finance",52
"Nom_1259","Ventes",52
"Nom_574","Ventes",52
"Nom_260","Ressources Humaines",52
"Nom_258","Opérations",52
"Nom_1291","Finance",52
"Nom_894","Service Client",52
"Nom_389","Informatique",52
"Nom_847","Juridique",52
"Nom_1491","Direction Générale",52
"Nom_435","Ventes",52
"Nom_64","Juridique",52
"Nom_1214","Juridique",52
"Nom_15","Finance",53
"Nom_1449","Direction Générale",53
"Nom_1462","Direction Générale",53
"Nom_837","Ventes",53
"Nom_1270","Juridique",53
"Nom_1432","Ventes",53
"Nom_1048","Informatique",53
"Nom_1095","Juridique",53
"Nom_2","Juridique",53
"Nom_1212","Informatique",53
"Nom_1109","Informatique",53
"Nom_1320","Juridique",53
"Nom_424","Opérations",53
"Nom_967","Opérations",53
"Nom_283","Juridique",53
"Nom_1023","Data & Analytics",53
"Nom_730","Informatique",53
"Nom_832","Opérations",53
"Nom_59","Opérations",53
"Nom_207","Ventes",53
"Nom_1393","Informatique",53
"Nom_708","Opérations",53
"Nom_909","Opérations",53
"Nom_588","Informatique",53
"Nom_355","Juridique",53
"Nom_1488","Juridique",53
"Nom_572","Direction Générale",53
"Nom_177","Ventes",53
"Nom_1329","Marketing",53
"Nom_1194","Ressources Humaines",53
"Nom_905","Ressources Humaines",53
"Nom_116","Ressources Humaines",53
"Nom_284","Informatique",53
"Nom_590","Opérations",53
"Nom_532","Ressources Humaines",53
"Nom_972","Service Client",53
"Nom_607","Direction Générale",53
"Nom_952","Service Client",53
"Nom_929","Marketing",53
"Nom_770","Ventes",53
"Nom_1416","Opérations",53
"Nom_390","Juridique",53
"Nom_81","Opérations",53
"Nom_364","Ressources Humaines",53
"Nom_520","Ressources Humaines",53
"Nom_243","Ressources Humaines",53
"Nom_1369","Juridique",53
"Nom_16","Direction Générale",53
"Nom_1340","Data & Analytics",53
"Nom_347","Ressources Humaines",53
"Nom_148","Ventes",53
"Nom_942","Juridique",53
"Nom_593","Ressources Humaines",53
"Nom_1232","Informatique",53
"Nom_789","Ressources Humaines",53
"Nom_147","Finance",53
"Nom_415","Informatique",53
"Nom_644","Data & Analytics",53
"Nom_1472","Marketing",53
"Nom_118","Marketing",53
"Nom_1106","Ventes",53
"Nom_1479","Ressources Humaines",53
"Nom_1377","Service Client",53
"Nom_639","Finance",53
"Nom_1135","Service Client",53
"Nom_183","Service Client",53
"Nom_1367","Ressources Humaines",53
"Nom_795","Opérations",53
"Nom_1077","Opérations",53
"Nom_7","Direction Générale",53
"Nom_641","Service Client",53
"Nom_586","Data & Analytics",53
"Nom_106","Service Client",53
"Nom_426","Ventes",53
"Nom_1137","Direction Générale",53
"Nom_160","Informatique",53
"Nom_966","Service Client",53
"Nom_146","Opérations",53
"Nom_773","Informatique",53
"Nom_512","Marketing",53
"Nom_216","Opérations",53
"Nom_1067","Informatique",53
"Nom_585","Informatique",53
"Nom_1400","Service Client",53
"Nom_101","Finance",53
"Nom_53","Opérations",53
"Nom_1012","Informatique",53
"Nom_1092","Service Client",53
"Nom_1374","Service Client",53
"Nom_77","Finance",53
"Nom_1063","Finance",53
"Nom_451","Opérations",53
"Nom_362","Opérations",53
"Nom_874","Opérations",53
"Nom_1351","Ventes",53
"Nom_943","Data & Analytics",53
"Nom_1288","Service Client",53
"Nom_326","Informatique",53
"Nom_743","Ressources Humaines",53
"Nom_1222","Juridique",53
"Nom_174","Opérations",53
"Nom_981","Direction Générale",53
"Nom_618","Finance",53
"Nom_466","Ventes",53
"Nom_1407","Ventes",53
"Nom_408","Finance",53
"Nom_1228","Informatique",53
"Nom_1475","Ressources Humaines",53
"Nom_1076","Opérations",53
"Nom_439","Informatique",53
"Nom_97","Finance",53
"Nom_211","Informatique",53
"Nom_32","Juridique",53
"Nom_797","Data & Analytics",53
"Nom_646","Informatique",53
"Nom_1303","Data & Analytics",53
"Nom_1315","Ventes",53
"Nom_539","Direction Générale",53
"Nom_343","Juridique",53
"Nom_1287","Ressources Humaines",53
"Nom_1191","Informatique",53
"Nom_1283","Direction Générale",53
"Nom_400","Ventes",53
"Nom_321","Ressources Humaines",53
"Nom_1086","Juridique",53
"Nom_153","Direction Générale",53
"Nom_695","Finance",53
"Nom_1257","Ressources Humaines",53
"Nom_1331","Informatique",53
"Nom_230","Service Client",53
"Nom_955","Ventes",53
"Nom_279","Opérations",53
"Nom_573","Data & Analytics",53
"Nom_444","Juridique",53
"Nom_882","Direction Générale",53
"Nom_456","Opérations",53
"Nom_759","Data & Analytics",53
"Nom_206","Opérations",53
"Nom_270","Marketing",53
"Nom_1486","Service Client",53
"Nom_1389","Service Client",53
"Nom_225","Informatique",53
"Nom_995","Informatique",53
"Nom_978","Ventes",53
"Nom_313","Juridique",53
"Nom_294","Informatique",53
"Nom_43","Informatique",53
"Nom_982","Data & Analytics",53
"Nom_1020","Data & Analytics",53
"Nom_28","Marketing",53
"Nom_1081","Opérations",53
"Nom_1272","Opérations",53
"Nom_661","Direction Générale",53
"Nom_878","Finance",53
"Nom_45","Ressources Humaines",53
"Nom_349","Ressources Humaines",53
"Nom_483","Ventes",53
"Nom_1149","Marketing",53
"Nom_1383","Opérations",53
"Nom_252","Data & Analytics",53
"Nom_1438","Service Client",53
"Nom_388","Direction Générale",53
"Nom_900","Informatique",53
"Nom_429","Finance",53
"Nom_1498","Juridique",53
"Nom_991","Opérations",53
"Nom_1084","Informatique",53
"Nom_201","Informatique",53
"Nom_737","Informatique",54
"Nom_165","Ventes",54
"Nom_245","Data & Analytics",54
"Nom_1066","Juridique",54
"Nom_263","Marketing",54
"Nom_815","Marketing",54
"Nom_135","Informatique",54
"Nom_200","Finance",54
"Nom_655","Service Client",54
"Nom_1379","Ressources Humaines",54
"Nom_1172","Ventes",54
"Nom_1495","Informatique",54
"Nom_1199","Informatique",54
"Nom_577","Service Client",54
"Nom_853","Juridique",54
"Nom_1349","Juridique",54
"Nom_22","Finance",54
"Nom_1441","Finance",54
"Nom_345","Opérations",54
"Nom_1123","Informatique",54
"Nom_1085","Finance",54
"Nom_293","Juridique",54
"Nom_796","Service Client",54
"Nom_1188","Ressources Humaines",54
"Nom_386","Ressources Humaines",54
"Nom_1473","Data & Analytics",54
"Nom_1018","Finance",54
"Nom_341","Direction Générale",54
"Nom_1267","Opérations",54
"Nom_1153","Juridique",54
"Nom_1322","Finance",54
"Nom_1493","Ressources Humaines",54
"Nom_219","Ventes",54
"Nom_175","Opérations",54
"Nom_80","Informatique",54
"Nom_1028","Direction Générale",54
"Nom_1341","Service Client",54
"Nom_488","Marketing",54
"Nom_1350","Direction Générale",54
"Nom_1461","Opérations",54
"Nom_923","Ressources Humaines",54
"Nom_297","Service Client",54
"Nom_1059","Data & Analytics",54
"Nom_954","Ventes",54
"Nom_694","Data & Analytics",54
"Nom_1180","Service Client",54
"Nom_946","Direction Générale",54
"Nom_94","Direction Générale",54
"Nom_540","Informatique",54
"Nom_1390","Direction Générale",54
"Nom_427","Marketing",54
"Nom_12","Ressources Humaines",54
"Nom_425","Juridique",54
"Nom_1233","Finance",54
"Nom_442","Opérations",54
"Nom_1223","Marketing",54
"Nom_627","Data & Analytics",54
"Nom_467","Marketing",54
"Nom_46","Service Client",54
"Nom_849","Marketing",54
"Nom_1114","Informatique",54
"Nom_739","Ventes",54
"Nom_875","Informatique",54
"Nom_312","Ventes",54
"Nom_976","Finance",54
"Nom_193","Marketing",54
"Nom_303","Opérations",54
"Nom_1286","Ressources Humaines",54
"Nom_109","Marketing",54
"Nom_1163","Ressources Humaines",54
"Nom_1047","Marketing",54
"Nom_365","Direction Générale",54
"Nom_1437","Ressources Humaines",54
"Nom_229","Data & Analytics",54
"Nom_564","Ventes",54
"Nom_1156","Ressources Humaines",54
"Nom_84","Opérations",54
"Nom_1482","Juridique",54
"Nom_468","Opérations",54
"Nom_740","Opérations",54
"Nom_1328","Direction Générale",54
"Nom_346","Marketing",54
"Nom_667","Service Client",54
"Nom_831","Data & Analytics",54
"Nom_860","Marketing",54
"Nom_107","Opérations",54
"Nom_1019","Data & Analytics",54
"Nom_1380","Juridique",54
"Nom_833","Juridique",54
"Nom_666","Opérations",54
"Nom_1402","Opérations",54
"Nom_637","Data & Analytics",54
"Nom_198","Juridique",54
"Nom_836","Direction Générale",54
"Nom_314","Finance",54
"Nom_460","Informatique",54
"Nom_49","Direction Générale",54
"Nom_696","Finance",54
"Nom_249","Juridique",54
"Nom_413","Ressources Humaines",54
"Nom_1426","Finance",54
"Nom_712","Juridique",54
"Nom_576","Opérations",54
"Nom_1394","Data & Analytics",54
"Nom_496","Service Client",54
"Nom_361","Opérations",54
"Nom_136","Juridique",54
"Nom_772","Juridique",54
"Nom_867","Ressources Humaines",54
"Nom_6","Data & Analytics",54
"Nom_992","Ventes",54
"Nom_241","Ressources Humaines",54
"Nom_845","Marketing",55
"Nom_623","Service Client",55
"Nom_840","Service Client",55
"Nom_1118","Service Client",55
"Nom_1231","Informatique",55
"Nom_765","Informatique",55
"Nom_850","Ventes",55
"Nom_72","Ventes",55
"Nom_693","Data & Analytics",55
"Nom_1224","Opérations",55
"Nom_630","Ressources Humaines",55
"Nom_507","Marketing",55
"Nom_161","Finance",55
"Nom_869","Juridique",55
"Nom_876","Juridique",55
"Nom_780","Marketing",55
"Nom_50","Data & Analytics",55
"Nom_170","Data & Analytics",55
"Nom_861","Data & Analytics",55
"Nom_956","Finance",55
"Nom_204","Service Client",55
"Nom_138","Ventes",55
"Nom_209","Marketing",55
"Nom_707","Finance",55
"Nom_1134","Ressources Humaines",55
"Nom_525","Informatique",55
"Nom_1130","Marketing",55
"Nom_764","Informatique",55
"Nom_989","Finance",55
"Nom_700","Ventes",55
"Nom_848","Finance",55
"Nom_883","Opérations",55
"Nom_1347","Direction Générale",55
"Nom_893","Direction Générale",55
"Nom_122","Ventes",55
"Nom_880","Direction Générale",55
"Nom_173","Informatique",55
"Nom_1464","Juridique",55
"Nom_478","Opérations",55
"Nom_133","Direction Générale",55
"Nom_291","Ventes",55
"Nom_794","Opérations",55
"Nom_1239","Marketing",55
"Nom_367","Direction Générale",55
"Nom_616","Informatique",55
"Nom_775","Informatique",55
"Nom_614","Opérations",55
"Nom_961","Finance",55
"Nom_150","Direction Générale",55
"Nom_3","Ressources Humaines",55
"Nom_619","Opérations",55
"Nom_704","Finance",55
"Nom_497","Ventes",55
"Nom_1481","Marketing",55
"Nom_533","Informatique",55
"Nom_257","Juridique",55
"Nom_1088","Service Client",55
"Nom_1360","Marketing",55
"Nom_35","Finance",55
"Nom_506","Marketing",55
"Nom_47","Marketing",55
"Nom_1183","Informatique",55
"Nom_691","Opérations",55
"Nom_1324","Ressources Humaines",55
"Nom_1398","Ventes",55
"Nom_217","Opérations",55
"Nom_1448","Ressources Humaines",55
"Nom_1353","Ressources Humaines",55
"Nom_282","Ventes",55
"Nom_356","Service Client",55
"Nom_779","Finance",55
"Nom_1335","Data & Analytics",55
"Nom_1373","Opérations",55
"Nom_1157","Juridique",55
"Nom_196","Ressources Humaines",55
"Nom_859","Juridique",55
"Nom_162","Direction Générale",55
"Nom_907","Data & Analytics",55
"Nom_750","Service Client",55
"Nom_818","Ventes",55
"Nom_1080","Opérations",55
"Nom_993","Marketing",55
"Nom_826","Juridique",55
"Nom_756","Ressources Humaines",55
"Nom_1365","Informatique",55
"Nom_1111","Ventes",55
"Nom_654","Ressources Humaines",55
"Nom_665","Informatique",55
"Nom_76","Juridique",55
"Nom_753","Marketing",55
"Nom_1317","Juridique",55
"Nom_778","Juridique",55
"Nom_373","Ressources Humaines",55
"Nom_1469","Juridique",55
"Nom_1050","Informatique",55
"Nom_569","Data & Analytics",55
"Nom_811","Ventes",56
"Nom_1196","Service Client",56
"Nom_638","Informatique",56
"Nom_199","Informatique",56
"Nom_1128","Opérations",56
"Nom_1463","Service Client",56
"Nom_449","Service Client",56
"Nom_510","Finance",56
"Nom_527","Opérations",56
"Nom_889","Finance",56
"Nom_237","Ventes",56
"Nom_92","Opérations",56
"Nom_984","Direction Générale",56
"Nom_934","Direction Générale",56
"Nom_1056","Opérations",56
"Nom_89","Opérations",56
"Nom_350","Opérations",56
"Nom_653","Opérations",56
"Nom_1345","Informatique",56
"Nom_195","Data & Analytics",56
"Nom_491","Direction Générale",56
"Nom_1070","Data & Analytics",56
"Nom_790","Data & Analytics",56
"Nom_542","Service Client",56
"Nom_1049","Direction Générale",56
"Nom_594","Ressources Humaines",56
"Nom_1334","Ventes",56
"Nom_1054","Service Client",56
"Nom_918","Data & Analytics",56
"Nom_399","Informatique",56
"Nom_156","Informatique",56
"Nom_377","Finance",56
"Nom_1356","Ventes",56
"Nom_1261","Service Client",56
"Nom_787","Opérations",56
"Nom_937","Opérations",56
"Nom_674","Ressources Humaines",56
"Nom_701","Data & Analytics",56
"Nom_1112","Data & Analytics",56
"Nom_1093","Marketing",56
"Nom_1200","Ventes",56
"Nom_5","Marketing",56
"Nom_1197","Data & Analytics",56
"Nom_239","Data & Analytics",56
"Nom_171","Finance",56
"Nom_761","Juridique",56
"Nom_1065","Opérations",56
"Nom_103","Ventes",56
"Nom_417","Service Client",56
"Nom_54","Opérations",56
"Nom_841","Ressources Humaines",56
"Nom_600","Marketing",56
"Nom_332","Ressources Humaines",56
"Nom_1468","Opérations",56
"Nom_187","Juridique",56
"Nom_913","Finance",56
"Nom_441","Service Client",56
"Nom_1032","Direction Générale",56
"Nom_1476","Direction Générale",56
"Nom_930","Ventes",56
"Nom_126","Juridique",56
"Nom_1492","Service Client",56
"Nom_760","Juridique",56
"Nom_453","Service Client",56
"Nom_793","Juridique",56
"Nom_498","Data & Analytics",56
"Nom_547","Marketing",56
"Nom_120","Finance",56
"Nom_331","Ressources Humaines",56
"Nom_1404","Direction Générale",56
"Nom_1219","Opérations",56
"Nom_988","Opérations",56
"Nom_571","Service Client",56
"Nom_1455","Informatique",56
"Nom_93","Finance",56
"Nom_1265","Opérations",56
"Nom_1176","Marketing",56
"Nom_1022","Finance",56
"Nom_899","Direction Générale",56
"Nom_318","Opérations",56
"Nom_963","Marketing",56
"Nom_720","Service Client",56
"Nom_176","Service Client",56
"Nom_953","Service Client",57
"Nom_1336","Finance",57
"Nom_703","Opérations",57
"Nom_236","Opérations",57
"Nom_629","Marketing",57
"Nom_1192","Opérations",57
"Nom_1177","Informatique",57
"Nom_1173","Ventes",57
"Nom_1276","Finance",57
"Nom_1207","Ressources Humaines",57
"Nom_23","Ventes",57
"Nom_1255","Service Client",57
"Nom_20","Ressources Humaines",57
"Nom_1281","Marketing",57
"Nom_1139","Juridique",57
"Nom_44","Informatique",57
"Nom_1444","Ventes",57
"Nom_18","Service Client",57
"Nom_936","Ventes",57
"Nom_534","Finance",57
"Nom_1238","Marketing",57
"Nom_729","Ressources Humaines",57
"Nom_642","Juridique",57
"Nom_479","Opérations",57
"Nom_788","Ventes",57
"Nom_838","Ressources Humaines",57
"Nom_21","Ressources Humaines",57
"Nom_1342","Ressources Humaines",57
"Nom_290","Informatique",57
"Nom_758","Ressources Humaines",57
"Nom_306","Juridique",57
"Nom_734","Data & Analytics",57
"Nom_155","Marketing",57
"Nom_597","Informatique",57
"Nom_308","Opérations",57
"Nom_376","Finance",57
"Nom_469","Finance",57
"Nom_58","Juridique",57
"Nom_686","Service Client",57
"Nom_1280","Juridique",57
"Nom_316","Ventes",57
"Nom_1125","Ventes",57
"Nom_566","Informatique",57
"Nom_657","Direction Générale",57
"Nom_1497","Ventes",57
"Nom_1015","Service Client",57
"Nom_1460","Data & Analytics",57
"Nom_998","Juridique",57
"Nom_622","Opérations",57
"Nom_13","Ressources Humaines",57
"Nom_1471","Service Client",57
"Nom_1025","Finance",57
"Nom_1091","Data & Analytics",57
"Nom_519","Direction Générale",57
"Nom_74","Data & Analytics",57
"Nom_786","Ventes",57
"Nom_1452","Service Client",57
"Nom_1311","Marketing",57
"Nom_617","Informatique",57
"Nom_924","Finance",57
"Nom_551","Marketing",57
"Nom_1198","Opérations",57
"Nom_164","Service Client",57
"Nom_1249","Finance",57
"Nom_1108","Data & Analytics",58
"Nom_1221","Informatique",58
"Nom_397","Direction Générale",58
"Nom_1274","Direction Générale",58
"Nom_340","Ressources Humaines",58
"Nom_1074","Ressources Humaines",58
"Nom_1273","Direction Générale",58
"Nom_902","Opérations",58
"Nom_370","Juridique",58
"Nom_9","Service Client",58
"Nom_324","Informatique",58
"Nom_1266","Data & Analytics",58
"Nom_979","Juridique",58
"Nom_67","Opérations",58
"Nom_549","Ventes",58
"Nom_328","Opérations",58
"Nom_1187","Finance",58
"Nom_1216","Data & Analytics",58
"Nom_1037","Ressources Humaines",58
"Nom_88","Marketing",58
"Nom_1236","Ressources Humaines",58
"Nom_320","Direction Générale",58
"Nom_66","Informatique",58
"Nom_14","Opérations",58
"Nom_1478","Service Client",58
"Nom_714","Direction Générale",58
"Nom_664","Service Client",58
"Nom_650","Informatique",58
"Nom_1480","Ressources Humaines",58
"Nom_969","Opérations",58
"Nom_959","Data & Analytics",58
"Nom_63","Finance",58
"Nom_605","Informatique",58
"Nom_143","Finance",58
"Nom_1354","Direction Générale",58
"Nom_1181","Ressources Humaines",58
"Nom_865","Juridique",58
"Nom_1105","Service Client",58
"Nom_363","Marketing",58
"Nom_1178","Ressources Humaines",58
"Nom_1440","Ventes",59
"Nom_1248","Ressources Humaines",59
"Nom_1310","Finance",59
"Nom_1254","Finance",59
"Nom_871","Opérations",59
"Nom_521","Marketing",59
"Nom_213","Data & Analytics",59
"Nom_1348","Data & Analytics",59
"Nom_816","Direction Générale",59
"Nom_247","Marketing",59
"Nom_685","Ressources Humaines",59
"Nom_1159","Finance",59
"Nom_280","Service Client",59
"Nom_844","Ventes",59
"Nom_1450","Marketing",59
"Nom_1431","Data & Analytics",59
"Nom_535","Opérations",59
"Nom_677","Marketing",59
"Nom_242","Juridique",59
"Nom_1401","Opérations",59
"Nom_1133","Opérations",59
"Nom_983","Marketing",59
"Nom_1041","Opérations",59
"Nom_781","Data & Analytics",59
"Nom_672","Marketing",59
"Nom_1430","Juridique",59
"Nom_1366","Opérations",59
"Nom_711","Ressources Humaines",59
"Nom_145","Marketing",59
"Nom_798","Finance",59
"Nom_25","Finance",59
"Nom_311","Ventes",59
"Nom_41","Ventes",59
"Nom_1103","Opérations",59
"Nom_1453","Informatique",59
"Nom_828","Ventes",59
"Nom_393","Juridique",59
"Nom_583","Marketing",59
"Nom_881","Data & Analytics",60
"Nom_1202","Ressources Humaines",60
"Nom_1213","Direction Générale",60
"Nom_866","Opérations",60
"Nom_1284","Data & Analytics",60
"Nom_668","Opérations",60
"Nom_513","Service Client",60
"Nom_186","Direction Générale",60
"Nom_157","Data & Analytics",60
"Nom_1409","Service Client",60
"Nom_1429","Direction Générale",60
"Nom_262","Finance",60
"Nom_368","Marketing",60
"Nom_1044","Marketing",60
"Nom_581","Ressources Humaines",60
"Nom_90","Service Client",60
"Nom_37","Service Client",60
"Nom_423","Service Client",60
"Nom_1466","Direction Générale",60
"Nom_676","Juridique",60
"Nom_948","Marketing",60
"Nom_951","Informatique",60
"Nom_916","Finance",60
"Nom_322","Juridique",60
"Nom_1412","Ventes",60
"Nom_392","Finance",60
"Nom_315","Ressources Humaines",60
"Nom_1376","Marketing",60
"Nom_1321","Data & Analytics",60
"Nom_728","Juridique",60
"Nom_1467","Data & Analytics",60
"Nom_598","Ventes",60
"Nom_1154","Informatique",60
"Nom_1152","Ressources Humaines",61
"Nom_747","Ressources Humaines",61
"Nom_634","Marketing",61
"Nom_557","Service Client",61
"Nom_62","Ressources Humaines",61
"Nom_1294","Finance",61
"Nom_372","Service Client",61
"Nom_814","Marketing",61
"Nom_459","Data & Analytics",61
"Nom_123","Direction Générale",61
"Nom_1260","Service Client",61
"Nom_152","Opérations",61
"Nom_1279","Marketing",61
"Nom_130","Juridique",61
"Nom_1242","Ressources Humaines",61
"Nom_1126","Data & Analytics",61
"Nom_857","Service Client",61
"Nom_891","Juridique",61
"Nom_215","Juridique",61
"Nom_958","Ventes",61
"Nom_1454","Data & Analytics",61
"Nom_275","Ressources Humaines",61
"Nom_1052","Service Client",61
"Nom_432","Service Client",61
"Nom_621","Ressources Humaines",61
"Nom_278","Ressources Humaines",61
"Nom_105","Ressources Humaines",61
"Nom_1399","Ressources Humaines",61
"Nom_1251","Informatique",61
"Nom_546","Ressources Humaines",61
"Nom_197","Service Client",61
"Nom_369","Opérations",61
"Nom_855","Service Client",61
"Nom_854","Ressources Humaines",62
"Nom_17","Juridique",62
"Nom_873","Data & Analytics",62
"Nom_1013","Informatique",62
"Nom_1375","Ressources Humaines",62
"Nom_1113","Ventes",62
"Nom_273","Data & Analytics",62
"Nom_307","Ressources Humaines",62
"Nom_129","Data & Analytics",62
"Nom_337","Service Client",62
"Nom_1245","Marketing",62
"Nom_402","Juridique",62
"Nom_1136","Direction Générale",62
"Nom_1185","Data & Analytics",62
"Nom_1060","Service Client",62
"Nom_584","Finance",63
"Nom_289","Marketing",63
"Nom_1158","Opérations",63
"Nom_763","Data & Analytics",63
"Nom_335","Ressources Humaines",63
"Nom_589","Juridique",63
"Nom_1327","Juridique",63
"Nom_932","Ventes",63
"Nom_188","Ventes",64
"Nom_1299","Direction Générale",64
"Nom_732","Finance",64
"Nom_378","Data & Analytics",64
"Nom_380","Data & Analytics",64
"Nom_33","Finance",65
"Nom_205","Finance",65
"Nom_1408","Juridique",65
"Nom_931","Ventes",65
"Nom_203","Ventes",65
"Nom_1061","Direction Générale",65
"Nom_1297","Ventes",65
"Nom_287","Ventes",65
"Nom_1436","Data & Analytics",65
"Nom_1129","Ventes",65
"Nom_487","Ventes",66
"Nom_776","Juridique",66
"Nom_1009","Data & Analytics",66
"Nom_1417","Marketing",66
"Nom_610","Finance",66
"Nom_784","Juridique",67
"Nom_554","Ventes",67
"Nom_1071","Direction Générale",67
"Nom_896","Juridique",67
"Nom_407","Marketing",68
"Nom_744","Direction Générale",68
"Nom_227","Informatique",70
"Nom_238","Marketing",70
